0023-20E3,hash,1: :hash:
0030-20E3,zero,2: :zero:
0031-20E3,one,3: :one:
0032-20E3,two,4: :two:
0033-20E3,three,5: :three:
0034-20E3,four,6: :four:
0035-20E3,five,7: :five:
0036-20E3,six,8: :six:
0037-20E3,seven,9: :seven:
0038-20E3,eight,10: :eight:
0039-20E3,nine,11: :nine:
00A9,copyright,12: :copyright:
00AE,registered,13: :registered:
1F004,mahjong,14: :mahjong:
1F0CF,black_joker,15: :black_joker:
1F170,a,16: :a:
1F171,b,17: :b:
1F17E,o2,18: :o2:
1F17F,parking,19: :parking:
1F18E,ab,20: :ab:
1F191,cl,21: :cl:
1F192,cool,22: :cool:
1F193,free,23: :free:
1F194,id,24: :id:
1F195,new,25: :new:
1F196,ng,26: :ng:
1F197,ok,27: :ok:
1F198,sos,28: :sos:
1F199,up,29: :up:
1F19A,vs,30: :vs:
1F1E8-1F1F3,cn/flag-cn,31: :cn/flag-cn:
1F1E9-1F1EA,de/flag-de,32: :de/flag-de:
1F1EA-1F1F8,es/flag-es,33: :es/flag-es:
1F1EB-1F1F7,fr/flag-fr,34: :fr/flag-fr:
1F1EC-1F1E7,gb/uk/flag-gb,35: :gb/uk/flag-gb:
1F1EE-1F1F9,it/flag-it,36: :it/flag-it:
1F1EF-1F1F5,jp/flag-jp,37: :jp/flag-jp:
1F1F0-1F1F7,kr/flag-kr,38: :kr/flag-kr:
1F1F7-1F1FA,ru/flag-ru,39: :ru/flag-ru:
1F1FA-1F1F8,us/flag-us,40: :us/flag-us:
1F201,koko,41: :koko:
1F202,sa,42: :sa:
1F21A,u7121,43: :u7121:
1F22F,u6307,44: :u6307:
1F232,u7981,45: :u7981:
1F233,u7a7a,46: :u7a7a:
1F234,u5408,47: :u5408:
1F235,u6e80,48: :u6e80:
1F236,u6709,49: :u6709:
1F237,u6708,50: :u6708:
1F238,u7533,51: :u7533:
1F239,u5272,52: :u5272:
1F23A,u55b6,53: :u55b6:
1F250,ideograph_advantage,54: :ideograph_advantage:
1F251,accept,55: :accept:
1F300,cyclone,56: :cyclone:
1F301,foggy,57: :foggy:
1F302,closed_umbrella,58: :closed_umbrella:
1F303,night_with_stars,59: :night_with_stars:
1F304,sunrise_over_mountains,60: :sunrise_over_mountains:
1F305,sunrise,61: :sunrise:
1F306,city_sunset,62: :city_sunset:
1F307,city_sunrise,63: :city_sunrise:
1F308,rainbow,64: :rainbow:
1F309,bridge_at_night,65: :bridge_at_night:
1F30A,ocean,66: :ocean:
1F30B,volcano,67: :volcano:
1F30C,milky_way,68: :milky_way:
1F30D,earth_africa,69: :earth_africa:
1F30E,earth_americas,70: :earth_americas:
1F30F,earth_asia,71: :earth_asia:
1F310,globe_with_meridians,72: :globe_with_meridians:
1F311,new_moon,73: :new_moon:
1F312,waxing_crescent_moon,74: :waxing_crescent_moon:
1F313,first_quarter_moon,75: :first_quarter_moon:
1F314,moon/waxing_gibbous_moon,76: :moon/waxing_gibbous_moon:
1F315,full_moon,77: :full_moon:
1F316,waning_gibbous_moon,78: :waning_gibbous_moon:
1F317,last_quarter_moon,79: :last_quarter_moon:
1F318,waning_crescent_moon,80: :waning_crescent_moon:
1F319,crescent_moon,81: :crescent_moon:
1F31A,new_moon_with_face,82: :new_moon_with_face:
1F31B,first_quarter_moon_with_face,83: :first_quarter_moon_with_face:
1F31C,last_quarter_moon_with_face,84: :last_quarter_moon_with_face:
1F31D,full_moon_with_face,85: :full_moon_with_face:
1F31E,sun_with_face,86: :sun_with_face:
1F31F,star2,87: :star2:
1F320,stars,88: :stars:
1F330,chestnut,89: :chestnut:
1F331,seedling,90: :seedling:
1F332,evergreen_tree,91: :evergreen_tree:
1F333,deciduous_tree,92: :deciduous_tree:
1F334,palm_tree,93: :palm_tree:
1F335,cactus,94: :cactus:
1F337,tulip,95: :tulip:
1F338,cherry_blossom,96: :cherry_blossom:
1F339,rose,97: :rose:
1F33A,hibiscus,98: :hibiscus:
1F33B,sunflower,99: :sunflower:
1F33C,blossom,100: :blossom:
1F33D,corn,101: :corn:
1F33E,ear_of_rice,102: :ear_of_rice:
1F33F,herb,103: :herb:
1F340,four_leaf_clover,104: :four_leaf_clover:
1F341,maple_leaf,105: :maple_leaf:
1F342,fallen_leaf,106: :fallen_leaf:
1F343,leaves,107: :leaves:
1F344,mushroom,108: :mushroom:
1F345,tomato,109: :tomato:
1F346,eggplant,110: :eggplant:
1F347,grapes,111: :grapes:
1F348,melon,112: :melon:
1F349,watermelon,113: :watermelon:
1F34A,tangerine,114: :tangerine:
1F34B,lemon,115: :lemon:
1F34C,banana,116: :banana:
1F34D,pineapple,117: :pineapple:
1F34E,apple,118: :apple:
1F34F,green_apple,119: :green_apple:
1F350,pear,120: :pear:
1F351,peach,121: :peach:
1F352,cherries,122: :cherries:
1F353,strawberry,123: :strawberry:
1F354,hamburger,124: :hamburger:
1F355,pizza,125: :pizza:
1F356,meat_on_bone,126: :meat_on_bone:
1F357,poultry_leg,127: :poultry_leg:
1F358,rice_cracker,128: :rice_cracker:
1F359,rice_ball,129: :rice_ball:
1F35A,rice,130: :rice:
1F35B,curry,131: :curry:
1F35C,ramen,132: :ramen:
1F35D,spaghetti,133: :spaghetti:
1F35E,bread,134: :bread:
1F35F,fries,135: :fries:
1F360,sweet_potato,136: :sweet_potato:
1F361,dango,137: :dango:
1F362,oden,138: :oden:
1F363,sushi,139: :sushi:
1F364,fried_shrimp,140: :fried_shrimp:
1F365,fish_cake,141: :fish_cake:
1F366,icecream,142: :icecream:
1F367,shaved_ice,143: :shaved_ice:
1F368,ice_cream,144: :ice_cream:
1F369,doughnut,145: :doughnut:
1F36A,cookie,146: :cookie:
1F36B,chocolate_bar,147: :chocolate_bar:
1F36C,candy,148: :candy:
1F36D,lollipop,149: :lollipop:
1F36E,custard,150: :custard:
1F36F,honey_pot,151: :honey_pot:
1F370,cake,152: :cake:
1F371,bento,153: :bento:
1F372,stew,154: :stew:
1F373,fried_egg/cooking,155: :fried_egg/cooking:
1F374,fork_and_knife,156: :fork_and_knife:
1F375,tea,157: :tea:
1F376,sake,158: :sake:
1F377,wine_glass,159: :wine_glass:
1F378,cocktail,160: :cocktail:
1F379,tropical_drink,161: :tropical_drink:
1F37A,beer,162: :beer:
1F37B,beers,163: :beers:
1F37C,baby_bottle,164: :baby_bottle:
1F380,ribbon,165: :ribbon:
1F381,gift,166: :gift:
1F382,birthday,167: :birthday:
1F383,jack_o_lantern,168: :jack_o_lantern:
1F384,christmas_tree,169: :christmas_tree:
1F385,santa,170: :santa:
1F386,fireworks,171: :fireworks:
1F387,sparkler,172: :sparkler:
1F388,balloon,173: :balloon:
1F389,tada,174: :tada:
1F38A,confetti_ball,175: :confetti_ball:
1F38B,tanabata_tree,176: :tanabata_tree:
1F38C,crossed_flags,177: :crossed_flags:
1F38D,bamboo,178: :bamboo:
1F38E,dolls,179: :dolls:
1F38F,flags,180: :flags:
1F390,wind_chime,181: :wind_chime:
1F391,rice_scene,182: :rice_scene:
1F392,school_satchel,183: :school_satchel:
1F393,mortar_board,184: :mortar_board:
1F3A0,carousel_horse,185: :carousel_horse:
1F3A1,ferris_wheel,186: :ferris_wheel:
1F3A2,roller_coaster,187: :roller_coaster:
1F3A3,fishing_pole_and_fish,188: :fishing_pole_and_fish:
1F3A4,microphone,189: :microphone:
1F3A5,movie_camera,190: :movie_camera:
1F3A6,cinema,191: :cinema:
1F3A7,headphones,192: :headphones:
1F3A8,art,193: :art:
1F3A9,tophat,194: :tophat:
1F3AA,circus_tent,195: :circus_tent:
1F3AB,ticket,196: :ticket:
1F3AC,clapper,197: :clapper:
1F3AD,performing_arts,198: :performing_arts:
1F3AE,video_game,199: :video_game:
1F3AF,dart,200: :dart:
1F3B0,slot_machine,201: :slot_machine:
1F3B1,8ball,202: :8ball:
1F3B2,game_die,203: :game_die:
1F3B3,bowling,204: :bowling:
1F3B4,flower_playing_cards,205: :flower_playing_cards:
1F3B5,musical_note,206: :musical_note:
1F3B6,notes,207: :notes:
1F3B7,saxophone,208: :saxophone:
1F3B8,guitar,209: :guitar:
1F3B9,musical_keyboard,210: :musical_keyboard:
1F3BA,trumpet,211: :trumpet:
1F3BB,violin,212: :violin:
1F3BC,musical_score,213: :musical_score:
1F3BD,running_shirt_with_sash,214: :running_shirt_with_sash:
1F3BE,tennis,215: :tennis:
1F3BF,ski,216: :ski:
1F3C0,basketball,217: :basketball:
1F3C1,checkered_flag,218: :checkered_flag:
1F3C2,snowboarder,219: :snowboarder:
1F3C3,runner/running,220: :runner/running:
1F3C4,surfer,221: :surfer:
1F3C6,trophy,222: :trophy:
1F3C7,horse_racing,223: :horse_racing:
1F3C8,football,224: :football:
1F3C9,rugby_football,225: :rugby_football:
1F3CA,swimmer,226: :swimmer:
1F3E0,house,227: :house:
1F3E1,house_with_garden,228: :house_with_garden:
1F3E2,office,229: :office:
1F3E3,post_office,230: :post_office:
1F3E4,european_post_office,231: :european_post_office:
1F3E5,hospital,232: :hospital:
1F3E6,bank,233: :bank:
1F3E7,atm,234: :atm:
1F3E8,hotel,235: :hotel:
1F3E9,love_hotel,236: :love_hotel:
1F3EA,convenience_store,237: :convenience_store:
1F3EB,school,238: :school:
1F3EC,department_store,239: :department_store:
1F3ED,factory,240: :factory:
1F3EE,izakaya_lantern/lantern,241: :izakaya_lantern/lantern:
1F3EF,japanese_castle,242: :japanese_castle:
1F3F0,european_castle,243: :european_castle:
1F400,rat,244: :rat:
1F401,mouse2,245: :mouse2:
1F402,ox,246: :ox:
1F403,water_buffalo,247: :water_buffalo:
1F404,cow2,248: :cow2:
1F405,tiger2,249: :tiger2:
1F406,leopard,250: :leopard:
1F407,rabbit2,251: :rabbit2:
1F408,cat2,252: :cat2:
1F409,dragon,253: :dragon:
1F40A,crocodile,254: :crocodile:
1F40B,whale2,255: :whale2:
1F40C,snail,256: :snail:
1F40D,snake,257: :snake:
1F40E,racehorse,258: :racehorse:
1F40F,ram,259: :ram:
1F410,goat,260: :goat:
1F411,sheep,261: :sheep:
1F412,monkey,262: :monkey:
1F413,rooster,263: :rooster:
1F414,chicken,264: :chicken:
1F415,dog2,265: :dog2:
1F416,pig2,266: :pig2:
1F417,boar,267: :boar:
1F418,elephant,268: :elephant:
1F419,octopus,269: :octopus:
1F41A,shell,270: :shell:
1F41B,bug,271: :bug:
1F41C,ant,272: :ant:
1F41D,bee/honeybee,273: :bee/honeybee:
1F41E,beetle,274: :beetle:
1F41F,fish,275: :fish:
1F420,tropical_fish,276: :tropical_fish:
1F421,blowfish,277: :blowfish:
1F422,turtle,278: :turtle:
1F423,hatching_chick,279: :hatching_chick:
1F424,baby_chick,280: :baby_chick:
1F425,hatched_chick,281: :hatched_chick:
1F426,bird,282: :bird:
1F427,penguin,283: :penguin:
1F428,koala,284: :koala:
1F429,poodle,285: :poodle:
1F42A,dromedary_camel,286: :dromedary_camel:
1F42B,camel,287: :camel:
1F42C,dolphin/flipper,288: :dolphin/flipper:
1F42D,mouse,289: :mouse:
1F42E,cow,290: :cow:
1F42F,tiger,291: :tiger:
1F430,rabbit,292: :rabbit:
1F431,cat,293: :cat:
1F432,dragon_face,294: :dragon_face:
1F433,whale,295: :whale:
1F434,horse,296: :horse:
1F435,monkey_face,297: :monkey_face:
1F436,dog,298: :dog:
1F437,pig,299: :pig:
1F438,frog,300: :frog:
1F439,hamster,301: :hamster:
1F43A,wolf,302: :wolf:
1F43B,bear,303: :bear:
1F43C,panda_face,304: :panda_face:
1F43D,pig_nose,305: :pig_nose:
1F43E,feet/paw_prints,306: :feet/paw_prints:
1F440,eyes,307: :eyes:
1F442,ear,308: :ear:
1F443,nose,309: :nose:
1F444,lips,310: :lips:
1F445,tongue,311: :tongue:
1F446,point_up_2,312: :point_up_2:
1F447,point_down,313: :point_down:
1F448,point_left,314: :point_left:
1F449,point_right,315: :point_right:
1F44A,facepunch/punch,316: :facepunch/punch:
1F44B,wave,317: :wave:
1F44C,ok_hand,318: :ok_hand:
1F44D,+1/thumbsup,319: :+1/thumbsup:
1F44E,-1/thumbsdown,320: :-1/thumbsdown:
1F44F,clap,321: :clap:
1F450,open_hands,322: :open_hands:
1F451,crown,323: :crown:
1F452,womans_hat,324: :womans_hat:
1F453,eyeglasses,325: :eyeglasses:
1F454,necktie,326: :necktie:
1F455,shirt/tshirt,327: :shirt/tshirt:
1F456,jeans,328: :jeans:
1F457,dress,329: :dress:
1F458,kimono,330: :kimono:
1F459,bikini,331: :bikini:
1F45A,womans_clothes,332: :womans_clothes:
1F45B,purse,333: :purse:
1F45C,handbag,334: :handbag:
1F45D,pouch,335: :pouch:
1F45E,mans_shoe/shoe,336: :mans_shoe/shoe:
1F45F,athletic_shoe,337: :athletic_shoe:
1F460,high_heel,338: :high_heel:
1F461,sandal,339: :sandal:
1F462,boot,340: :boot:
1F463,footprints,341: :footprints:
1F464,bust_in_silhouette,342: :bust_in_silhouette:
1F465,busts_in_silhouette,343: :busts_in_silhouette:
1F466,boy,344: :boy:
1F467,girl,345: :girl:
1F468,man,346: :man:
1F469,woman,347: :woman:
1F46A,family/man-woman-boy,348: :family/man-woman-boy:
1F46B,couple/man_and_woman_holding_hands,349: :couple/man_and_woman_holding_hands:
1F46C,two_men_holding_hands,350: :two_men_holding_hands:
1F46D,two_women_holding_hands,351: :two_women_holding_hands:
1F46E,cop,352: :cop:
1F46F,dancers,353: :dancers:
1F470,bride_with_veil,354: :bride_with_veil:
1F471,person_with_blond_hair,355: :person_with_blond_hair:
1F472,man_with_gua_pi_mao,356: :man_with_gua_pi_mao:
1F473,man_with_turban,357: :man_with_turban:
1F474,older_man,358: :older_man:
1F475,older_woman,359: :older_woman:
1F476,baby,360: :baby:
1F477,construction_worker,361: :construction_worker:
1F478,princess,362: :princess:
1F479,japanese_ogre,363: :japanese_ogre:
1F47A,japanese_goblin,364: :japanese_goblin:
1F47B,ghost,365: :ghost:
1F47C,angel,366: :angel:
1F47D,alien,367: :alien:
1F47E,space_invader,368: :space_invader:
1F47F,imp,369: :imp:
1F480,skull,370: :skull:
1F481,information_desk_person,371: :information_desk_person:
1F482,guardsman,372: :guardsman:
1F483,dancer,373: :dancer:
1F484,lipstick,374: :lipstick:
1F485,nail_care,375: :nail_care:
1F486,massage,376: :massage:
1F487,haircut,377: :haircut:
1F488,barber,378: :barber:
1F489,syringe,379: :syringe:
1F48A,pill,380: :pill:
1F48B,kiss,381: :kiss:
1F48C,love_letter,382: :love_letter:
1F48D,ring,383: :ring:
1F48E,gem,384: :gem:
1F48F,couplekiss,385: :couplekiss:
1F490,bouquet,386: :bouquet:
1F491,couple_with_heart,387: :couple_with_heart:
1F492,wedding,388: :wedding:
1F493,heartbeat,389: :heartbeat:
1F494,broken_heart,390: :broken_heart:
1F495,two_hearts,391: :two_hearts:
1F496,sparkling_heart,392: :sparkling_heart:
1F497,heartpulse,393: :heartpulse:
1F498,cupid,394: :cupid:
1F499,blue_heart,395: :blue_heart:
1F49A,green_heart,396: :green_heart:
1F49B,yellow_heart,397: :yellow_heart:
1F49C,purple_heart,398: :purple_heart:
1F49D,gift_heart,399: :gift_heart:
1F49E,revolving_hearts,400: :revolving_hearts:
1F49F,heart_decoration,401: :heart_decoration:
1F4A0,diamond_shape_with_a_dot_inside,402: :diamond_shape_with_a_dot_inside:
1F4A1,bulb,403: :bulb:
1F4A2,anger,404: :anger:
1F4A3,bomb,405: :bomb:
1F4A4,zzz,406: :zzz:
1F4A5,boom/collision,407: :boom/collision:
1F4A6,sweat_drops,408: :sweat_drops:
1F4A7,droplet,409: :droplet:
1F4A8,dash,410: :dash:
1F4A9,hankey/poop/shit,411: :hankey/poop/shit:
1F4AA,muscle,412: :muscle:
1F4AB,dizzy,413: :dizzy:
1F4AC,speech_balloon,414: :speech_balloon:
1F4AD,thought_balloon,415: :thought_balloon:
1F4AE,white_flower,416: :white_flower:
1F4AF,100,417: :100:
1F4B0,moneybag,418: :moneybag:
1F4B1,currency_exchange,419: :currency_exchange:
1F4B2,heavy_dollar_sign,420: :heavy_dollar_sign:
1F4B3,credit_card,421: :credit_card:
1F4B4,yen,422: :yen:
1F4B5,dollar,423: :dollar:
1F4B6,euro,424: :euro:
1F4B7,pound,425: :pound:
1F4B8,money_with_wings,426: :money_with_wings:
1F4B9,chart,427: :chart:
1F4BA,seat,428: :seat:
1F4BB,computer,429: :computer:
1F4BC,briefcase,430: :briefcase:
1F4BD,minidisc,431: :minidisc:
1F4BE,floppy_disk,432: :floppy_disk:
1F4BF,cd,433: :cd:
1F4C0,dvd,434: :dvd:
1F4C1,file_folder,435: :file_folder:
1F4C2,open_file_folder,436: :open_file_folder:
1F4C3,page_with_curl,437: :page_with_curl:
1F4C4,page_facing_up,438: :page_facing_up:
1F4C5,date,439: :date:
1F4C6,calendar,440: :calendar:
1F4C7,card_index,441: :card_index:
1F4C8,chart_with_upwards_trend,442: :chart_with_upwards_trend:
1F4C9,chart_with_downwards_trend,443: :chart_with_downwards_trend:
1F4CA,bar_chart,444: :bar_chart:
1F4CB,clipboard,445: :clipboard:
1F4CC,pushpin,446: :pushpin:
1F4CD,round_pushpin,447: :round_pushpin:
1F4CE,paperclip,448: :paperclip:
1F4CF,straight_ruler,449: :straight_ruler:
1F4D0,triangular_ruler,450: :triangular_ruler:
1F4D1,bookmark_tabs,451: :bookmark_tabs:
1F4D2,ledger,452: :ledger:
1F4D3,notebook,453: :notebook:
1F4D4,notebook_with_decorative_cover,454: :notebook_with_decorative_cover:
1F4D5,closed_book,455: :closed_book:
1F4D6,book/open_book,456: :book/open_book:
1F4D7,green_book,457: :green_book:
1F4D8,blue_book,458: :blue_book:
1F4D9,orange_book,459: :orange_book:
1F4DA,books,460: :books:
1F4DB,name_badge,461: :name_badge:
1F4DC,scroll,462: :scroll:
1F4DD,memo/pencil,463: :memo/pencil:
1F4DE,telephone_receiver,464: :telephone_receiver:
1F4DF,pager,465: :pager:
1F4E0,fax,466: :fax:
1F4E1,satellite_antenna,467: :satellite_antenna:
1F4E2,loudspeaker,468: :loudspeaker:
1F4E3,mega,469: :mega:
1F4E4,outbox_tray,470: :outbox_tray:
1F4E5,inbox_tray,471: :inbox_tray:
1F4E6,package,472: :package:
1F4E7,e-mail,473: :e-mail:
1F4E8,incoming_envelope,474: :incoming_envelope:
1F4E9,envelope_with_arrow,475: :envelope_with_arrow:
1F4EA,mailbox_closed,476: :mailbox_closed:
1F4EB,mailbox,477: :mailbox:
1F4EC,mailbox_with_mail,478: :mailbox_with_mail:
1F4ED,mailbox_with_no_mail,479: :mailbox_with_no_mail:
1F4EE,postbox,480: :postbox:
1F4EF,postal_horn,481: :postal_horn:
1F4F0,newspaper,482: :newspaper:
1F4F1,iphone,483: :iphone:
1F4F2,calling,484: :calling:
1F4F3,vibration_mode,485: :vibration_mode:
1F4F4,mobile_phone_off,486: :mobile_phone_off:
1F4F5,no_mobile_phones,487: :no_mobile_phones:
1F4F6,signal_strength,488: :signal_strength:
1F4F7,camera,489: :camera:
1F4F9,video_camera,490: :video_camera:
1F4FA,tv,491: :tv:
1F4FB,radio,492: :radio:
1F4FC,vhs,493: :vhs:
1F500,twisted_rightwards_arrows,494: :twisted_rightwards_arrows:
1F501,repeat,495: :repeat:
1F502,repeat_one,496: :repeat_one:
1F503,arrows_clockwise,497: :arrows_clockwise:
1F504,arrows_counterclockwise,498: :arrows_counterclockwise:
1F505,low_brightness,499: :low_brightness:
1F506,high_brightness,500: :high_brightness:
1F507,mute,501: :mute:
1F508,speaker,502: :speaker:
1F509,sound,503: :sound:
1F50A,loud_sound,504: :loud_sound:
1F50B,battery,505: :battery:
1F50C,electric_plug,506: :electric_plug:
1F50D,mag,507: :mag:
1F50E,mag_right,508: :mag_right:
1F50F,lock_with_ink_pen,509: :lock_with_ink_pen:
1F510,closed_lock_with_key,510: :closed_lock_with_key:
1F511,key,511: :key:
1F512,lock,512: :lock:
1F513,unlock,513: :unlock:
1F514,bell,514: :bell:
1F515,no_bell,515: :no_bell:
1F516,bookmark,516: :bookmark:
1F517,link,517: :link:
1F518,radio_button,518: :radio_button:
1F519,back,519: :back:
1F51A,end,520: :end:
1F51B,on,521: :on:
1F51C,soon,522: :soon:
1F51D,top,523: :top:
1F51E,underage,524: :underage:
1F51F,keycap_ten,525: :keycap_ten:
1F520,capital_abcd,526: :capital_abcd:
1F521,abcd,527: :abcd:
1F522,1234,528: :1234:
1F523,symbols,529: :symbols:
1F524,abc,530: :abc:
1F525,fire,531: :fire:
1F526,flashlight,532: :flashlight:
1F527,wrench,533: :wrench:
1F528,hammer,534: :hammer:
1F529,nut_and_bolt,535: :nut_and_bolt:
1F52A,hocho/knife,536: :hocho/knife:
1F52B,gun,537: :gun:
1F52C,microscope,538: :microscope:
1F52D,telescope,539: :telescope:
1F52E,crystal_ball,540: :crystal_ball:
1F52F,six_pointed_star,541: :six_pointed_star:
1F530,beginner,542: :beginner:
1F531,trident,543: :trident:
1F532,black_square_button,544: :black_square_button:
1F533,white_square_button,545: :white_square_button:
1F534,red_circle,546: :red_circle:
1F535,large_blue_circle,547: :large_blue_circle:
1F536,large_orange_diamond,548: :large_orange_diamond:
1F537,large_blue_diamond,549: :large_blue_diamond:
1F538,small_orange_diamond,550: :small_orange_diamond:
1F539,small_blue_diamond,551: :small_blue_diamond:
1F53A,small_red_triangle,552: :small_red_triangle:
1F53B,small_red_triangle_down,553: :small_red_triangle_down:
1F53C,arrow_up_small,554: :arrow_up_small:
1F53D,arrow_down_small,555: :arrow_down_small:
1F550,clock1,556: :clock1:
1F551,clock2,557: :clock2:
1F552,clock3,558: :clock3:
1F553,clock4,559: :clock4:
1F554,clock5,560: :clock5:
1F555,clock6,561: :clock6:
1F556,clock7,562: :clock7:
1F557,clock8,563: :clock8:
1F558,clock9,564: :clock9:
1F559,clock10,565: :clock10:
1F55A,clock11,566: :clock11:
1F55B,clock12,567: :clock12:
1F55C,clock130,568: :clock130:
1F55D,clock230,569: :clock230:
1F55E,clock330,570: :clock330:
1F55F,clock430,571: :clock430:
1F560,clock530,572: :clock530:
1F561,clock630,573: :clock630:
1F562,clock730,574: :clock730:
1F563,clock830,575: :clock830:
1F564,clock930,576: :clock930:
1F565,clock1030,577: :clock1030:
1F566,clock1130,578: :clock1130:
1F567,clock1230,579: :clock1230:
1F5FB,mount_fuji,580: :mount_fuji:
1F5FC,tokyo_tower,581: :tokyo_tower:
1F5FD,statue_of_liberty,582: :statue_of_liberty:
1F5FE,japan,583: :japan:
1F5FF,moyai,584: :moyai:
1F600,grinning,585: :grinning:
1F601,grin,586: :grin:
1F602,joy,587: :joy:
1F603,smiley,588: :smiley:
1F604,smile,589: :smile:
1F605,sweat_smile,590: :sweat_smile:
1F606,laughing/satisfied,591: :laughing/satisfied:
1F607,innocent,592: :innocent:
1F608,smiling_imp,593: :smiling_imp:
1F609,wink,594: :wink:
1F60A,blush,595: :blush:
1F60B,yum,596: :yum:
1F60C,relieved,597: :relieved:
1F60D,heart_eyes,598: :heart_eyes:
1F60E,sunglasses,599: :sunglasses:
1F60F,smirk,600: :smirk:
1F610,neutral_face,601: :neutral_face:
1F611,expressionless,602: :expressionless:
1F612,unamused,603: :unamused:
1F613,sweat,604: :sweat:
1F614,pensive,605: :pensive:
1F615,confused,606: :confused:
1F616,confounded,607: :confounded:
1F617,kissing,608: :kissing:
1F618,kissing_heart,609: :kissing_heart:
1F619,kissing_smiling_eyes,610: :kissing_smiling_eyes:
1F61A,kissing_closed_eyes,611: :kissing_closed_eyes:
1F61B,stuck_out_tongue,612: :stuck_out_tongue:
1F61C,stuck_out_tongue_winking_eye,613: :stuck_out_tongue_winking_eye:
1F61D,stuck_out_tongue_closed_eyes,614: :stuck_out_tongue_closed_eyes:
1F61E,disappointed,615: :disappointed:
1F61F,worried,616: :worried:
1F620,angry,617: :angry:
1F621,rage,618: :rage:
1F622,cry,619: :cry:
1F623,persevere,620: :persevere:
1F624,triumph,621: :triumph:
1F625,disappointed_relieved,622: :disappointed_relieved:
1F626,frowning,623: :frowning:
1F627,anguished,624: :anguished:
1F628,fearful,625: :fearful:
1F629,weary,626: :weary:
1F62A,sleepy,627: :sleepy:
1F62B,tired_face,628: :tired_face:
1F62C,grimacing,629: :grimacing:
1F62D,sob,630: :sob:
1F62E,open_mouth,631: :open_mouth:
1F62F,hushed,632: :hushed:
1F630,cold_sweat,633: :cold_sweat:
1F631,scream,634: :scream:
1F632,astonished,635: :astonished:
1F633,flushed,636: :flushed:
1F634,sleeping,637: :sleeping:
1F635,dizzy_face,638: :dizzy_face:
1F636,no_mouth,639: :no_mouth:
1F637,mask,640: :mask:
1F638,smile_cat,641: :smile_cat:
1F639,joy_cat,642: :joy_cat:
1F63A,smiley_cat,643: :smiley_cat:
1F63B,heart_eyes_cat,644: :heart_eyes_cat:
1F63C,smirk_cat,645: :smirk_cat:
1F63D,kissing_cat,646: :kissing_cat:
1F63E,pouting_cat,647: :pouting_cat:
1F63F,crying_cat_face,648: :crying_cat_face:
1F640,scream_cat,649: :scream_cat:
1F645,no_good,650: :no_good:
1F646,ok_woman,651: :ok_woman:
1F647,bow,652: :bow:
1F648,see_no_evil,653: :see_no_evil:
1F649,hear_no_evil,654: :hear_no_evil:
1F64A,speak_no_evil,655: :speak_no_evil:
1F64B,raising_hand,656: :raising_hand:
1F64C,raised_hands,657: :raised_hands:
1F64D,person_frowning,658: :person_frowning:
1F64E,person_with_pouting_face,659: :person_with_pouting_face:
1F64F,pray,660: :pray:
1F680,rocket,661: :rocket:
1F681,helicopter,662: :helicopter:
1F682,steam_locomotive,663: :steam_locomotive:
1F683,railway_car,664: :railway_car:
1F684,bullettrain_side,665: :bullettrain_side:
1F685,bullettrain_front,666: :bullettrain_front:
1F686,train2,667: :train2:
1F687,metro,668: :metro:
1F688,light_rail,669: :light_rail:
1F689,station,670: :station:
1F68A,tram,671: :tram:
1F68B,train,672: :train:
1F68C,bus,673: :bus:
1F68D,oncoming_bus,674: :oncoming_bus:
1F68E,trolleybus,675: :trolleybus:
1F68F,busstop,676: :busstop:
1F690,minibus,677: :minibus:
1F691,ambulance,678: :ambulance:
1F692,fire_engine,679: :fire_engine:
1F693,police_car,680: :police_car:
1F694,oncoming_police_car,681: :oncoming_police_car:
1F695,taxi,682: :taxi:
1F696,oncoming_taxi,683: :oncoming_taxi:
1F697,car/red_car,684: :car/red_car:
1F698,oncoming_automobile,685: :oncoming_automobile:
1F699,blue_car,686: :blue_car:
1F69A,truck,687: :truck:
1F69B,articulated_lorry,688: :articulated_lorry:
1F69C,tractor,689: :tractor:
1F69D,monorail,690: :monorail:
1F69E,mountain_railway,691: :mountain_railway:
1F69F,suspension_railway,692: :suspension_railway:
1F6A0,mountain_cableway,693: :mountain_cableway:
1F6A1,aerial_tramway,694: :aerial_tramway:
1F6A2,ship,695: :ship:
1F6A3,rowboat,696: :rowboat:
1F6A4,speedboat,697: :speedboat:
1F6A5,traffic_light,698: :traffic_light:
1F6A6,vertical_traffic_light,699: :vertical_traffic_light:
1F6A7,construction,700: :construction:
1F6A8,rotating_light,701: :rotating_light:
1F6A9,triangular_flag_on_post,702: :triangular_flag_on_post:
1F6AA,door,703: :door:
1F6AB,no_entry_sign,704: :no_entry_sign:
1F6AC,smoking,705: :smoking:
1F6AD,no_smoking,706: :no_smoking:
1F6AE,put_litter_in_its_place,707: :put_litter_in_its_place:
1F6AF,do_not_litter,708: :do_not_litter:
1F6B0,potable_water,709: :potable_water:
1F6B1,non-potable_water,710: :non-potable_water:
1F6B2,bike,711: :bike:
1F6B3,no_bicycles,712: :no_bicycles:
1F6B4,bicyclist,713: :bicyclist:
1F6B5,mountain_bicyclist,714: :mountain_bicyclist:
1F6B6,walking,715: :walking:
1F6B7,no_pedestrians,716: :no_pedestrians:
1F6B8,children_crossing,717: :children_crossing:
1F6B9,mens,718: :mens:
1F6BA,womens,719: :womens:
1F6BB,restroom,720: :restroom:
1F6BC,baby_symbol,721: :baby_symbol:
1F6BD,toilet,722: :toilet:
1F6BE,wc,723: :wc:
1F6BF,shower,724: :shower:
1F6C0,bath,725: :bath:
1F6C1,bathtub,726: :bathtub:
1F6C2,passport_control,727: :passport_control:
1F6C3,customs,728: :customs:
1F6C4,baggage_claim,729: :baggage_claim:
1F6C5,left_luggage,730: :left_luggage:
203C,bangbang,731: :bangbang:
21A9,leftwards_arrow_with_hook,732: :leftwards_arrow_with_hook:
21AA,arrow_right_hook,733: :arrow_right_hook:
231A,watch,734: :watch:
231B,hourglass,735: :hourglass:
23EA,rewind,736: :rewind:
23EB,arrow_double_up,737: :arrow_double_up:
23EC,arrow_double_down,738: :arrow_double_down:
23F0,alarm_clock,739: :alarm_clock:
23F3,hourglass_flowing_sand,740: :hourglass_flowing_sand:
24C2,m,741: :m:
25AA,black_small_square,742: :black_small_square:
25AB,white_small_square,743: :white_small_square:
25B6,arrow_forward,744: :arrow_forward:
25C0,arrow_backward,745: :arrow_backward:
25FB,white_medium_square,746: :white_medium_square:
25FC,black_medium_square,747: :black_medium_square:
25FD,white_medium_small_square,748: :white_medium_small_square:
25FE,black_medium_small_square,749: :black_medium_small_square:
260E,phone/telephone,750: :phone/telephone:
261D,point_up,751: :point_up:
263A,relaxed,752: :relaxed:
264A,gemini,753: :gemini:
264B,cancer,754: :cancer:
264C,leo,755: :leo:
264D,virgo,756: :virgo:
264E,libra,757: :libra:
264F,scorpius,758: :scorpius:
267B,recycle,759: :recycle:
267F,wheelchair,760: :wheelchair:
26A0,warning,761: :warning:
26A1,zap,762: :zap:
26AA,white_circle,763: :white_circle:
26AB,black_circle,764: :black_circle:
26BD,soccer,765: :soccer:
26BE,baseball,766: :baseball:
26C4,snowman_without_snow,767: :snowman_without_snow:
26C5,partly_sunny,768: :partly_sunny:
26CE,ophiuchus,769: :ophiuchus:
26D4,no_entry,770: :no_entry:
26EA,church,771: :church:
26F2,fountain,772: :fountain:
26F3,golf,773: :golf:
26F5,boat/sailboat,774: :boat/sailboat:
26FA,tent,775: :tent:
26FD,fuelpump,776: :fuelpump:
270A,fist,777: :fist:
270B,hand/raised_hand,778: :hand/raised_hand:
270C,v,779: :v:
270F,pencil2,780: :pencil2:
274C,x,781: :x:
274E,negative_squared_cross_mark,782: :negative_squared_cross_mark:
27A1,arrow_right,783: :arrow_right:
27B0,curly_loop,784: :curly_loop:
27BF,loop,785: :loop:
2B05,arrow_left,786: :arrow_left:
2B06,arrow_up,787: :arrow_up:
2B07,arrow_down,788: :arrow_down:
2B1B,black_large_square,789: :black_large_square:
2B1C,white_large_square,790: :white_large_square:
2B50,star,791: :star:
2B55,o,792: :o:
303D,part_alternation_mark,793: :part_alternation_mark:
2049,interrobang,794: :interrobang:
2122,tm,795: :tm:
2139,information_source,796: :information_source:
2194,left_right_arrow,797: :left_right_arrow:
2195,arrow_up_down,798: :arrow_up_down:
2196,arrow_upper_left,799: :arrow_upper_left:
2197,arrow_upper_right,800: :arrow_upper_right:
2198,arrow_lower_right,801: :arrow_lower_right:
2199,arrow_lower_left,802: :arrow_lower_left:
2600,sunny,803: :sunny:
2601,cloud,804: :cloud:
2611,ballot_box_with_check,805: :ballot_box_with_check:
2614,umbrella_with_rain_drops,806: :umbrella_with_rain_drops:
2615,coffee,807: :coffee:
2648,aries,808: :aries:
2649,taurus,809: :taurus:
2650,sagittarius,810: :sagittarius:
2651,capricorn,811: :capricorn:
2652,aquarius,812: :aquarius:
2653,pisces,813: :pisces:
2660,spades,814: :spades:
2663,clubs,815: :clubs:
2665,hearts,816: :hearts:
2666,diamonds,817: :diamonds:
2668,hotsprings,818: :hotsprings:
2693,anchor,819: :anchor:
2702,scissors,820: :scissors:
2705,white_check_mark,821: :white_check_mark:
2708,airplane,822: :airplane:
2709,email/envelope,823: :email/envelope:
2712,black_nib,824: :black_nib:
2714,heavy_check_mark,825: :heavy_check_mark:
2716,heavy_multiplication_x,826: :heavy_multiplication_x:
2728,sparkles,827: :sparkles:
2733,eight_spoked_asterisk,828: :eight_spoked_asterisk:
2734,eight_pointed_black_star,829: :eight_pointed_black_star:
2744,snowflake,830: :snowflake:
2747,sparkle,831: :sparkle:
2753,question,832: :question:
2754,grey_question,833: :grey_question:
2755,grey_exclamation,834: :grey_exclamation:
2757,exclamation/heavy_exclamation_mark,835: :exclamation/heavy_exclamation_mark:
2764,heart,836: :heart:
2795,heavy_plus_sign,837: :heavy_plus_sign:
2796,heavy_minus_sign,838: :heavy_minus_sign:
2797,heavy_division_sign,839: :heavy_division_sign:
2934,arrow_heading_up,840: :arrow_heading_up:
2935,arrow_heading_down,841: :arrow_heading_down:
3030,wavy_dash,842: :wavy_dash:
3297,congratulations,843: :congratulations:
3299,secret,844: :secret:
"2,30E+10",fast_forward,845: :fast_forward: