:hash:,:grinning:,:smile:,:cyclone:,:hash:,:hmm:,:hash:
:zero:,:grimacing:,:smiley:,:rainbow:,:zero:,:like:,:zero:
:one:,:grin:,:grinning:,:milky_way:,:one:,:dislike:,:one:
:two:,:joy:,:blush:,:new_moon:,:two:,,:two:
:three:,:rofl:,:relaxed:,:first_quarter_moon:,:three:,,:three:
:four:,:smiley:,:wink:,:waxing_gibbous_moon:,:four:,,:four:
:five:,:smile:,:heart_eyes:,:full_moon:,:five:,,:five:
:six:,:sweat_smile:,:kissing_heart:,:last_quarter_moon:,:six:,,:six:
:seven:,:laughing:,:kissing_closed_eyes:,:crescent_moon:,:seven:,,:seven:
:eight:,:innocent:,:kissing:,:cactus:,:eight:,,:eight:
:nine:,:wink:,:kissing_smiling_eyes:,:tangerine:,:nine:,,:nine:
:copyright:,:blush:,:stuck_out_tongue_winking_eye:,:hamburger:,:copyright:,,:copyright:
:registered:,:slightly_smiling_face:,:stuck_out_tongue_closed_eyes:,:pizza:,:registered:,,:registered:
:bangbang:,:upside_down_face:,:stuck_out_tongue:,:rice_ball:,:mahjong:,,:bangbang:
:interrobang:,:relaxed:,:flushed:,:cake:,:black_joker:,,:interrobang:
:tm:,:yum:,:grin:,:tropical_drink:,:a:,,:tm:
:information_source:,:relieved:,:pensive:,:jack_o_lantern:,:b:,,:information_source:
:left_right_arrow:,:heart_eyes:,:relieved:,:microphone:,:o2:,,:left_right_arrow:
:arrow_up_down:,:kissing_heart:,:unamused:,:video_game:,:parking:,,:arrow_up_down:
:arrow_upper_left:,:kissing:,:disappointed:,:guitar:,:ab:,,:arrow_upper_left:
:third_place:,:kissing_smiling_eyes:,:persevere:,:snowboarder:,:cl:,,:third_place:
:arrow_upper_right:,:kissing_closed_eyes:,:cry:,:love_hotel:,:cool:,,:arrow_upper_right:
:arrow_lower_right:,:stuck_out_tongue_winking_eye:,:joy:,:snail:,:free:,,:arrow_lower_right:
:arrow_lower_left:,:stuck_out_tongue_closed_eyes:,:sob:,:snake:,:id:,,:arrow_lower_left:
:second_place:,:stuck_out_tongue:,:sleepy:,:chicken:,:new:,,:second_place:
:leftwards_arrow_with_hook:,:money_mouth_face:,:disappointed_relieved:,:boar:,:ng:,,:leftwards_arrow_with_hook:
:arrow_right_hook:,:nerd_face:,:cold_sweat:,:elephant:,:ok:,,:arrow_right_hook:
:watch:,:sunglasses:,:sweat_smile:,:octopus:,:sos:,,:watch:
:hourglass:,:clown_face:,:sweat:,:blowfish:,:up:,,:hourglass:
:fast_forward:,:smirk:,:weary:,:hatching_chick:,:vs:,,:fast_forward:
:rewind:,:no_mouth:,:tired_face:,:penguin:,:koko:,,:rewind:
:arrow_double_up:,:neutral_face:,:fearful:,:koala:,:sa:,,:arrow_double_up:
:arrow_double_down:,:expressionless:,:scream:,:horse:,:u7121:,,:arrow_double_down:
:alarm_clock:,:unamused:,:angry:,:paw_prints:,:u6307:,,:alarm_clock:
:hourglass_flowing_sand:,:thinking:,:rage:,:family:,:u7981:,,:hourglass_flowing_sand:
:m:,:lying_face:,:triumph:,:two_men_holding_hands:,:u7a7a:,,:m:
:black_small_square:,:flushed:,:confounded:,:two_women_holding_hands:,:u5408:,,:black_small_square:
:white_small_square:,:disappointed:,:laughing:,:princess:,:u6e80:,,:white_small_square:
:arrow_forward:,:worried:,:yum:,:ghost:,:u6709:,,:arrow_forward:
:arrow_backward:,:angry:,:mask:,:skull:,:u6708:,,:arrow_backward:
:white_medium_square:,:rage:,:sunglasses:,:dancer:,:u7533:,,:white_medium_square:
:black_medium_square:,:pensive:,:sleeping:,:pill:,:u5272:,,:black_medium_square:
:white_medium_small_square:,:confused:,:dizzy_face:,:couple_with_heart:,:u55b6:,,:white_medium_small_square:
:black_medium_small_square:,:slightly_frowning_face:,:astonished:,:heartbeat:,:ideograph_advantage:,,:black_medium_small_square:
:sunny:,:persevere:,:worried:,:poop:,:accept:,,:sunny:
:cloud:,:confounded:,:frowning:,:speech_balloon:,:cyclone:,,:cloud:
:telephone:,:tired_face:,:anguished:,:mount_fuji:,:foggy:,,:telephone:
:ballot_box_with_check:,:weary:,:smiling_imp:,:grinning:,:closed_umbrella:,,:ballot_box_with_check:
:umbrella:,:triumph:,:imp:,:grin:,:night_with_stars:,,:umbrella:
:coffee:,:open_mouth:,:open_mouth:,:smiley:,:sunrise_over_mountains:,,:coffee:
:point_up:,:scream:,:grimacing:,:smile:,:sunrise:,,:point_up:
:relaxed:,:fearful:,:neutral_face:,:sweat_smile:,:city_sunset:,,:relaxed:
:aries:,:cold_sweat:,:confused:,:laughing:,:city_sunrise:,,:aries:
:first_place:,:hushed:,:hushed:,:wink:,:rainbow:,,:first_place:
:taurus:,:frowning:,:no_mouth:,:blush:,:bridge_at_night:,,:taurus:
:person_fencing:,:anguished:,:innocent:,:relieved:,:ocean:,,:person_fencing:
:gemini:,:cry:,:smirk:,:heart_eyes:,:volcano:,,:gemini:
:cancer:,:disappointed_relieved:,:expressionless:,:smirk:,:milky_way:,,:cancer:
:goal:,:drooling_face:,:man_with_gua_pi_mao:,:expressionless:,:earth_africa:,,:goal:
:leo:,:sleepy:,:man_with_turban:,:unamused:,:earth_americas:,,:leo:
:virgo:,:sweat:,:cop:,:sweat:,:earth_asia:,,:virgo:
:person_playing_handball:,:sob:,:construction_worker:,:confused:,:globe_with_meridians:,,:person_playing_handball:
:libra:,:dizzy_face:,:guardsman:,:kissing:,:new_moon:,,:libra:
:person_playing_water_polo:,:astonished:,:baby:,:kissing_heart:,:waxing_crescent_moon:,,:person_playing_water_polo:
:scorpius:,:zipper_mouth_face:,:boy:,:kissing_smiling_eyes:,:first_quarter_moon:,,:scorpius:
:sagittarius:,:nauseated_face:,:girl:,:kissing_closed_eyes:,:full_moon:,,:sagittarius:
:martial_arts_uniform:,:sneezing_face:,:man:,:stuck_out_tongue:,:waning_gibbous_moon:,,:martial_arts_uniform:
:capricorn:,:mask:,:woman:,:stuck_out_tongue_winking_eye:,:last_quarter_moon:,,:capricorn:
:boxing_glove:,:face_with_thermometer:,:older_man:,:stuck_out_tongue_closed_eyes:,:waning_crescent_moon:,,:boxing_glove:
:aquarius:,:face_with_head_bandage:,:older_woman:,:worried:,:crescent_moon:,,:aquarius:
:people_wrestling:,:sleeping:,:person_with_blond_hair:,:frowning:,:new_moon_with_face:,,:people_wrestling:
:pisces:,:zzz:,:angel:,:anguished:,:first_quarter_moon_with_face:,,:pisces:
:spades:,:poop:,:princess:,:grimacing:,:last_quarter_moon_with_face:,,:spades:
:clubs:,:smiling_imp:,:smiley_cat:,:open_mouth:,:full_moon_with_face:,,:clubs:
:hearts:,:imp:,:smile_cat:,:hushed:,:sun_with_face:,,:hearts:
:diamonds:,:japanese_ogre:,:heart_eyes_cat:,:flushed:,:star2:,,:diamonds:
:hotsprings:,:japanese_goblin:,:kissing_cat:,:sleeping:,:stars:,,:hotsprings:
:recycle:,:skull:,:smirk_cat:,:dizzy_face:,:chestnut:,,:recycle:
:person_juggling:,:ghost:,:scream_cat:,:crying_cat_face:,:seedling:,,:person_juggling:
:wheelchair:,:alien:,:crying_cat_face:,:person_frowning:,:evergreen_tree:,,:wheelchair:
:anchor:,:robot:,:joy_cat:,:person_with_pouting_face:,:deciduous_tree:,,:anchor:
:warning:,:smiley_cat:,:pouting_cat:,:ship:,:palm_tree:,,:warning:
:zap:,:smile_cat:,:japanese_ogre:,:cloud:,:cactus:,,:zap:
:white_circle:,:joy_cat:,:japanese_goblin:,:wheelchair:,:tulip:,,:white_circle:
:black_circle:,:heart_eyes_cat:,:see_no_evil:,:anchor:,:cherry_blossom:,,:black_circle:
:soccer:,:smirk_cat:,:hear_no_evil:,:heart:,:rose:,,:soccer:
:baseball:,:kissing_cat:,:speak_no_evil:,:relaxed:,:hibiscus:,,:baseball:
:snowman:,:scream_cat:,:skull:,:satisfied:,:sunflower:,,:snowman:
:partly_sunny:,:crying_cat_face:,:alien:,:sun_with_face:,:blossom:,,:partly_sunny:
:ophiuchus:,:pouting_cat:,:hankey:,:shit:,:corn:,,:ophiuchus:
:person_doing_cartwheel:,:raised_hands:,:fire:,:sunrise_over_mountains:,:ear_of_rice:,,:person_doing_cartwheel:
:no_entry:,:clap:,:sparkles:,,:herb:,,:no_entry:
:church:,:wave:,:star2:,,:four_leaf_clover:,,:church:
:fountain:,:call_me_hand:,:dizzy:,,:maple_leaf:,,:fountain:
:canoe:,:-1:,:boom:,,:fallen_leaf:,,:canoe:
:golf:,:fist:,:anger:,,:leaves:,,:golf:
:sailboat:,:v:,:sweat_drops:,,:mushroom:,,:sailboat:
:tent:,:ok_hand:,:droplet:,,:tomato:,,:tent:
:fuelpump:,:raised_hand:,:zzz:,,:eggplant:,,:fuelpump:
:scissors:,:raised_back_of_hand:,:dash:,,:grapes:,,:scissors:
:white_check_mark:,:open_hands:,:ear:,,:melon:,,:white_check_mark:
:airplane:,:muscle:,:eyes:,,:watermelon:,,:airplane:
:envelope:,:pray:,:nose:,,:tangerine:,,:envelope:
:fist:,:handshake:,:tongue:,,:lemon:,,:fist:
:raised_hand:,:point_up:,:lips:,,:banana:,,:raised_hand:
:v:,:point_up_2:,:+1:,,:pineapple:,,:v:
:pencil2:,:point_down:,:-1:,,:apple:,,:pencil2:
:black_nib:,:point_left:,:ok_hand:,,:green_apple:,,:black_nib:
:heavy_check_mark:,:point_right:,:fist:,,:pear:,,:heavy_check_mark:
:heavy_multiplication_x:,:raised_hand_with_fingers_splayed:,:v:,,:peach:,,:heavy_multiplication_x:
:sparkles:,:metal:,:wave:,,:cherries:,,:sparkles:
:eight_spoked_asterisk:,:writing_hand:,:open_hands:,,:strawberry:,,:eight_spoked_asterisk:
:eight_pointed_black_star:,:selfie:,:point_up_2:,,:hamburger:,,:eight_pointed_black_star:
:snowflake:,:nail_care:,:point_down:,,:pizza:,,:snowflake:
:sparkle:,:lips:,:point_right:,,:meat_on_bone:,,:sparkle:
:x:,:tongue:,:point_left:,,:poultry_leg:,,:x:
:negative_squared_cross_mark:,:ear:,:raised_hands:,,:rice_cracker:,,:negative_squared_cross_mark:
:question:,:nose:,:pray:,,:rice_ball:,,:question:
:grey_question:,:eye:,:point_up:,,:rice:,,:grey_question:
:motor_scooter:,:eyes:,:clap:,,:curry:,,:motor_scooter:
:grey_exclamation:,:bust_in_silhouette:,:muscle:,,:ramen:,,:grey_exclamation:
:exclamation:,:busts_in_silhouette:,:walking:,,:spaghetti:,,:exclamation:
:heart:,:speaking_head:,:runner:,,:bread:,,:heart:
:heavy_plus_sign:,:baby:,:dancer:,,:fries:,,:heavy_plus_sign:
:heavy_minus_sign:,:boy:,:couple:,,:sweet_potato:,,:heavy_minus_sign:
:heavy_division_sign:,:girl:,:family:,,:dango:,,:heavy_division_sign:
:arrow_right:,:man:,:two_men_holding_hands:,,:oden:,,:arrow_right:
:curly_loop:,:woman:,:two_women_holding_hands:,,:sushi:,,:curly_loop:
:arrow_heading_up:,:older_man:,:couplekiss:,,:fried_shrimp:,,:arrow_heading_up:
:arrow_heading_down:,:older_woman:,:couple_with_heart:,,:fish_cake:,,:arrow_heading_down:
:arrow_left:,:man_with_gua_pi_mao:,:dancers:,,:icecream:,,:arrow_left:
:arrow_up:,:man_with_turban:,:ok_woman:,,:shaved_ice:,,:arrow_up:
:scooter:,:guardsman:,:no_good:,,:ice_cream:,,:scooter:
:arrow_down:,:woman_health_worker:,:information_desk_person:,,:doughnut:,,:arrow_down:
:black_large_square:,:man_health_worker:,:raising_hand:,,:cookie:,,:black_large_square:
:white_large_square:,:woman_farmer:,:massage:,,:chocolate_bar:,,:white_large_square:
:star:,:man_farmer:,:haircut:,,:candy:,,:star:
:o:,:woman_cook:,:nail_care:,,:lollipop:,,:o:
:wavy_dash:,:man_cook:,:bride_with_veil:,,:custard:,,:wavy_dash:
:part_alternation_mark:,:woman_student:,:person_with_pouting_face:,,:honey_pot:,,:part_alternation_mark:
:congratulations:,:man_student:,:person_frowning:,,:cake:,,:congratulations:
:shopping_cart:,:woman_singer:,:bow:,,:bento:,,:shopping_cart:
:secret:,:man_singer:,:tophat:,,:stew:,,:secret:
:mahjong:,:woman_teacher:,:crown:,,:fork_and_knife:,,:mahjong:
:black_joker:,:man_teacher:,:womans_hat:,,:tea:,,:black_joker:
:a:,:woman_factory_worker:,:athletic_shoe:,,:sake:,,:a:
:b:,:man_factory_worker:,:mans_shoe:,,:wine_glass:,,:b:
:o2:,:woman_technologist:,:sandal:,,:cocktail:,,:o2:
:parking:,:man_technologist:,:high_heel:,,:tropical_drink:,,:parking:
:octagonal_sign:,:woman_office_worker:,:boot:,,:beer:,,:octagonal_sign:
:ab:,:man_office_worker:,:shirt:,,:beers:,,:ab:
:cl:,:woman_mechanic:,:necktie:,,:baby_bottle:,,:cl:
:cool:,:man_mechanic:,:womans_clothes:,,:ribbon:,,:cool:
:free:,:woman_scientist:,:dress:,,:gift:,,:free:
:id:,:man_scientist:,:running_shirt_with_sash:,,:birthday:,,:id:
:new:,:woman_artist:,:jeans:,,:jack_o_lantern:,,:new:
:ng:,:man_artist:,:kimono:,,:christmas_tree:,,:ng:
:ok:,:woman_firefighter:,:bikini:,,:santa:,,:ok:
:sos:,:man_firefighter:,:briefcase:,,:fireworks:,,:sos:
:spoon:,:woman_pilot:,:handbag:,,:sparkler:,,:spoon:
:up:,:man_pilot:,:pouch:,,:balloon:,,:up:
:vs:,:woman_astronaut:,:purse:,,:tada:,,:vs:
:flag_cn:,:man_astronaut:,:eyeglasses:,,:confetti_ball:,,:flag_cn:
:flag_de:,:woman_judge:,:ribbon:,,:tanabata_tree:,,:flag_de:
:flag_es:,:man_judge:,:closed_umbrella:,,:crossed_flags:,,:flag_es:
:flag_fr:,:mrs_claus:,:lipstick:,,:bamboo:,,:flag_fr:
:flag_gb:,:santa:,:yellow_heart:,,:dolls:,,:flag_gb:
:champagne_glass:,:angel:,:blue_heart:,,:flags:,,:champagne_glass:
:tumbler_glass:,:pregnant_woman:,:purple_heart:,,:wind_chime:,,:tumbler_glass:
:flag_it:,:princess:,:green_heart:,,:rice_scene:,,:flag_it:
:flag_jp:,:prince:,:heart:,,:school_satchel:,,:flag_jp:
:flag_kr:,:bride_with_veil:,:broken_heart:,,:mortar_board:,,:flag_kr:
:flag_us:,:man_in_tuxedo:,:heartpulse:,,:carousel_horse:,,:flag_us:
:flag_ru:,:dancer:,:heartbeat:,,:ferris_wheel:,,:flag_ru:
:koko:,:man_dancing:,:two_hearts:,,:roller_coaster:,,:koko:
:sa:,:couple:,:sparkling_heart:,,:fishing_pole_and_fish:,,:sa:
:u7121:,:two_men_holding_hands:,:revolving_hearts:,,:microphone:,,:u7121:
:u6307:,:two_women_holding_hands:,:cupid:,,:movie_camera:,,:u6307:
:stuffed_flatbread:,:man_facepalming:,:love_letter:,,:cinema:,,:stuffed_flatbread:
:u7981:,:woman_facepalming:,:kiss:,,:headphones:,,:u7981:
:u7a7a:,:woman_shrugging:,:ring:,,:art:,,:u7a7a:
:u5408:,:man_shrugging:,:gem:,,:tophat:,,:u5408:
:u6e80:,:ok_woman:,:bust_in_silhouette:,,:circus_tent:,,:u6e80:
:u6709:,:couple_with_heart_woman_man:,:busts_in_silhouette:,,:ticket:,,:u6709:
:shallow_pan_of_food:,:family_man_woman_boy:,:speech_balloon:,,:clapper:,,:shallow_pan_of_food:
:u6708:,:family_woman_boy:,:footprints:,,:performing_arts:,,:u6708:
:u7533:,:family_woman_girl:,:thought_balloon:,,:video_game:,,:u7533:
:u5272:,:family_woman_girl_boy:,:dog:,,:dart:,,:u5272:
:salad:,:family_woman_boy_boy:,:wolf:,,:slot_machine:,,:salad:
:u55b6:,:family_woman_girl_girl:,:cat:,,:8ball:,,:u55b6:
:ideograph_advantage:,:family_man_boy:,:mouse:,,:game_die:,,:ideograph_advantage:
:accept:,:family_man_girl:,:hamster:,,:bowling:,,:accept:
:cyclone:,:family_man_girl_boy:,:rabbit:,,:flower_playing_cards:,,:cyclone:
:french_bread:,:family_man_boy_boy:,:frog:,,:musical_note:,,:french_bread:
:foggy:,:family_man_girl_girl:,:tiger:,,:notes:,,:foggy:
:closed_umbrella:,:womans_clothes:,:koala:,,:saxophone:,,:closed_umbrella:
:night_with_stars:,:jeans:,:bear:,,:guitar:,,:night_with_stars:
:sunrise_over_mountains:,:necktie:,:pig:,,:musical_keyboard:,,:sunrise_over_mountains:
:sunrise:,:dress:,:pig_nose:,,:trumpet:,,:sunrise:
:city_dusk:,:bikini:,:cow:,,:violin:,,:city_dusk:
:carrot:,:kimono:,:boar:,,:musical_score:,,:carrot:
:city_sunset:,:lipstick:,:monkey_face:,,:running_shirt_with_sash:,,:city_sunset:
:rainbow:,:kiss:,:monkey:,,:tennis:,,:rainbow:
:potato:,:footprints:,:horse:,,:ski:,,:potato:
:bridge_at_night:,:high_heel:,:sheep:,,:basketball:,,:bridge_at_night:
:ocean:,:sandal:,:elephant:,,:checkered_flag:,,:ocean:
:volcano:,:boot:,:panda_face:,,:snowboarder:,,:volcano:
:milky_way:,:mans_shoe:,:penguin:,,:surfer:,,:milky_way:
:earth_asia:,:athletic_shoe:,:bird:,,:trophy:,,:earth_asia:
:new_moon:,:womans_hat:,:baby_chick:,,:horse_racing:,,:new_moon:
:bacon:,:tophat:,:hatched_chick:,,:football:,,:bacon:
:first_quarter_moon:,:mortar_board:,:hatching_chick:,,:rugby_football:,,:first_quarter_moon:
:waxing_gibbous_moon:,:crown:,:chicken:,,:swimmer:,,:waxing_gibbous_moon:
:full_moon:,:school_satchel:,:snake:,,:house:,,:full_moon:
:crescent_moon:,:pouch:,:turtle:,,:house_with_garden:,,:crescent_moon:
:first_quarter_moon_with_face:,:purse:,:bug:,,:office:,,:first_quarter_moon_with_face:
:star2:,:handbag:,:bee:,,:post_office:,,:star2:
:cucumber:,:briefcase:,:ant:,,:european_post_office:,,:cucumber:
:stars:,:eyeglasses:,:beetle:,,:hospital:,,:stars:
:chestnut:,:dark_sunglasses:,:snail:,,:bank:,,:chestnut:
:avocado:,:ring:,:octopus:,,:atm:,,:avocado:
:seedling:,:closed_umbrella:,:shell:,,:hotel:,,:seedling:
:palm_tree:,:dog:,:tropical_fish:,,:love_hotel:,,:palm_tree:
:cactus:,:cat:,:fish:,,:convenience_store:,,:cactus:
:tulip:,:mouse:,:dolphin:,,:school:,,:tulip:
:cherry_blossom:,:hamster:,:whale:,,:department_store:,,:cherry_blossom:
:rose:,:rabbit:,:whale2:,,:factory:,,:rose:
:hibiscus:,:fox_face:,:cow2:,,:japanese_castle:,,:hibiscus:
:sunflower:,:bear:,:ram:,,:european_castle:,,:sunflower:
:blossom:,:panda_face:,:rat:,,:rat:,,:blossom:
:corn:,:koala:,:water_buffalo:,,:mouse2:,,:corn:
:croissant:,:tiger:,:tiger2:,,:ox:,,:croissant:
:ear_of_rice:,:lion:,:rabbit2:,,:water_buffalo:,,:ear_of_rice:
:herb:,:cow:,:dragon:,,:cow2:,,:herb:
:four_leaf_clover:,:pig:,:racehorse:,,:tiger2:,,:four_leaf_clover:
:maple_leaf:,:pig_nose:,:goat:,,:leopard:,,:maple_leaf:
:fallen_leaf:,:frog:,:rooster:,,:rabbit2:,,:fallen_leaf:
:leaves:,:squid:,:dog2:,,:cat2:,,:leaves:
:mushroom:,:octopus:,:pig2:,,:dragon:,,:mushroom:
:tomato:,:shrimp:,:mouse2:,,:crocodile:,,:tomato:
:eggplant:,:monkey_face:,:ox:,,:whale2:,,:eggplant:
:grapes:,:gorilla:,:dragon_face:,,:snail:,,:grapes:
:melon:,:see_no_evil:,:blowfish:,,:snake:,,:melon:
:watermelon:,:hear_no_evil:,:crocodile:,,:racehorse:,,:watermelon:
:tangerine:,:speak_no_evil:,:camel:,,:ram:,,:tangerine:
:wilted_rose:,:monkey:,:dromedary_camel:,,:goat:,,:wilted_rose:
:banana:,:chicken:,:leopard:,,:sheep:,,:banana:
:pineapple:,:penguin:,:cat2:,,:monkey:,,:pineapple:
:apple:,:bird:,:poodle:,,:rooster:,,:apple:
:green_apple:,:baby_chick:,:feet:,,:chicken:,,:green_apple:
:peach:,:hatching_chick:,:bouquet:,,:dog2:,,:peach:
:cherries:,:hatched_chick:,:cherry_blossom:,,:pig2:,,:cherries:
:strawberry:,:duck:,:tulip:,,:boar:,,:strawberry:
:rhino:,:eagle:,:four_leaf_clover:,,:elephant:,,:rhino:
:hamburger:,:owl:,:rose:,,:octopus:,,:hamburger:
:pizza:,:bat:,:sunflower:,,:shell:,,:pizza:
:meat_on_bone:,:wolf:,:hibiscus:,,:bug:,,:meat_on_bone:
:lizard:,:boar:,:maple_leaf:,,:ant:,,:lizard:
:poultry_leg:,:horse:,:leaves:,,:beetle:,,:poultry_leg:
:rice_cracker:,:unicorn:,:fallen_leaf:,,:fish:,,:rice_cracker:
:rice_ball:,:bug:,:herb:,,:tropical_fish:,,:rice_ball:
:gorilla:,:butterfly:,:ear_of_rice:,,:blowfish:,,:gorilla:
:rice:,:snail:,:mushroom:,,:turtle:,,:rice:
:curry:,:beetle:,:cactus:,,:hatching_chick:,,:curry:
:deer:,:ant:,:palm_tree:,,:baby_chick:,,:deer:
:ramen:,:spider:,:evergreen_tree:,,:hatched_chick:,,:ramen:
:spaghetti:,:scorpion:,:deciduous_tree:,,:bird:,,:spaghetti:
:bread:,:crab:,:chestnut:,,:penguin:,,:bread:
:fries:,:snake:,:seedling:,,:koala:,,:fries:
:butterfly:,:lizard:,:blossom:,,:poodle:,,:butterfly:
:sweet_potato:,:turtle:,:globe_with_meridians:,,:dromedary_camel:,,:sweet_potato:
:dango:,:tropical_fish:,:sun_with_face:,,:camel:,,:dango:
:fox:,:fish:,:full_moon_with_face:,,:mouse:,,:fox:
:oden:,:blowfish:,:new_moon_with_face:,,:cow:,,:oden:
:sushi:,:dolphin:,:new_moon:,,:tiger:,,:sushi:
:owl:,:shark:,:waxing_crescent_moon:,,:rabbit:,,:owl:
:fried_shrimp:,:whale:,:first_quarter_moon:,,:cat:,,:fried_shrimp:
:fish_cake:,:whale2:,:full_moon:,,:dragon_face:,,:fish_cake:
:shark:,:crocodile:,:waning_gibbous_moon:,,:whale:,,:shark:
:icecream:,:leopard:,:last_quarter_moon:,,:horse:,,:icecream:
:bat:,:tiger2:,:waning_crescent_moon:,,:monkey_face:,,:bat:
:shaved_ice:,:water_buffalo:,:last_quarter_moon_with_face:,,:dog:,,:shaved_ice:
:ice_cream:,:ox:,:first_quarter_moon_with_face:,,:pig:,,:ice_cream:
:duck:,:cow2:,:crescent_moon:,,:frog:,,:duck:
:doughnut:,:deer:,:earth_africa:,,:hamster:,,:doughnut:
:eagle:,:dromedary_camel:,:earth_americas:,,:wolf:,,:eagle:
:cookie:,:camel:,:earth_asia:,,:bear:,,:cookie:
:black_heart:,:elephant:,:volcano:,,:panda_face:,,:black_heart:
:chocolate_bar:,:rhinoceros:,:milky_way:,,:pig_nose:,,:chocolate_bar:
:candy:,:goat:,:stars:,,:eyes:,,:candy:
:lollipop:,:ram:,:star:,,:ear:,,:lollipop:
:custard:,:sheep:,:sunny:,,:nose:,,:custard:
:honey_pot:,:racehorse:,:partly_sunny:,,:lips:,,:honey_pot:
:fingers_crossed:,:pig2:,:cloud:,,:tongue:,,:fingers_crossed:
:cake:,:rat:,:zap:,,:point_up_2:,,:cake:
:bento:,:mouse2:,:umbrella:,,:point_down:,,:bento:
:stew:,:rooster:,:snowflake:,,:point_left:,,:stew:
:handshake:,:turkey:,:snowman:,,:point_right:,,:handshake:
:cooking:,:dove:,:cyclone:,,:wave:,,:cooking:
:fork_and_knife:,:dog2:,:foggy:,,:ok_hand:,,:fork_and_knife:
:tea:,:poodle:,:rainbow:,,:clap:,,:tea:
:sake:,:cat2:,:ocean:,,:open_hands:,,:sake:
:wine_glass:,:rabbit2:,:bamboo:,,:crown:,,:wine_glass:
:cocktail:,:chipmunk:,:gift_heart:,,:womans_hat:,,:cocktail:
:tropical_drink:,:paw_prints:,:dolls:,,:eyeglasses:,,:tropical_drink:
:beer:,:dragon:,:school_satchel:,,:necktie:,,:beer:
:beers:,:dragon_face:,:mortar_board:,,:jeans:,,:beers:
:ribbon:,:cactus:,:flags:,,:dress:,,:ribbon:
:gift:,:christmas_tree:,:fireworks:,,:kimono:,,:gift:
:birthday:,:evergreen_tree:,:sparkler:,,:bikini:,,:birthday:
:jack_o_lantern:,:deciduous_tree:,:wind_chime:,,:womans_clothes:,,:jack_o_lantern:
:left_facing_fist:,:palm_tree:,:rice_scene:,,:purse:,,:left_facing_fist:
:right_facing_fist:,:seedling:,:jack_o_lantern:,,:handbag:,,:right_facing_fist:
:christmas_tree:,:herb:,:ghost:,,:pouch:,,:christmas_tree:
:santa:,:shamrock:,:santa:,,:athletic_shoe:,,:santa:
:fireworks:,:four_leaf_clover:,:christmas_tree:,,:high_heel:,,:fireworks:
:raised_back_of_hand:,:bamboo:,:gift:,,:sandal:,,:raised_back_of_hand:
:sparkler:,:tanabata_tree:,:tanabata_tree:,,:boot:,,:sparkler:
:balloon:,:leaves:,:tada:,,:footprints:,,:balloon:
:tada:,:fallen_leaf:,:confetti_ball:,,:bust_in_silhouette:,,:tada:
:confetti_ball:,:maple_leaf:,:balloon:,,:busts_in_silhouette:,,:confetti_ball:
:tanabata_tree:,:ear_of_rice:,:crossed_flags:,,:boy:,,:tanabata_tree:
:crossed_flags:,:hibiscus:,:crystal_ball:,,:girl:,,:crossed_flags:
:call_me:,:sunflower:,:movie_camera:,,:man:,,:call_me:
:bamboo:,:rose:,:camera:,,:woman:,,:bamboo:
:man_dancing:,:wilted_flower:,:video_camera:,,:two_men_holding_hands:,,:man_dancing:
:dolls:,:tulip:,:vhs:,,:two_women_holding_hands:,,:dolls:
:selfie:,:blossom:,:cd:,,:cop:,,:selfie:
:flags:,:cherry_blossom:,:dvd:,,:dancers:,,:flags:
:pregnant_woman:,:bouquet:,:minidisc:,,:bride_with_veil:,,:pregnant_woman:
:wind_chime:,:mushroom:,:floppy_disk:,,:person_with_blond_hair:,,:wind_chime:
:person_facepalming:,:chestnut:,:computer:,,:man_with_gua_pi_mao:,,:person_facepalming:
:person_shrugging:,:jack_o_lantern:,:iphone:,,:man_with_turban:,,:person_shrugging:
:rice_scene:,:shell:,:telephone_receiver:,,:older_man:,,:rice_scene:
:school_satchel:,:spider_web:,:pager:,,:older_woman:,,:school_satchel:
:mortar_board:,:earth_americas:,:fax:,,:baby:,,:mortar_board:
:carousel_horse:,:earth_africa:,:satellite:,,:construction_worker:,,:carousel_horse:
:ferris_wheel:,:earth_asia:,:tv:,,:princess:,,:ferris_wheel:
:roller_coaster:,:full_moon:,:radio:,,:japanese_ogre:,,:roller_coaster:
:fishing_pole_and_fish:,:waning_gibbous_moon:,:loud_sound:,,:japanese_goblin:,,:fishing_pole_and_fish:
:microphone:,:last_quarter_moon:,:sound:,,:ghost:,,:microphone:
:movie_camera:,:waning_crescent_moon:,:speaker:,,:angel:,,:movie_camera:
:cinema:,:new_moon:,:mute:,,:alien:,,:cinema:
:headphones:,:waxing_crescent_moon:,:bell:,,:space_invader:,,:headphones:
:mrs_claus:,:first_quarter_moon:,:no_bell:,,:imp:,,:mrs_claus:
:art:,:waxing_gibbous_moon:,:loudspeaker:,,:skull:,,:art:
:man_in_tuxedo:,:new_moon_with_face:,:mega:,,:information_desk_person:,,:man_in_tuxedo:
:tophat:,:full_moon_with_face:,:hourglass_flowing_sand:,,:guardsman:,,:tophat:
:circus_tent:,:first_quarter_moon_with_face:,:hourglass:,,:dancer:,,:circus_tent:
:prince:,:last_quarter_moon_with_face:,:alarm_clock:,,:lipstick:,,:prince:
:ticket:,:sun_with_face:,:watch:,,:nail_care:,,:ticket:
:clapper:,:crescent_moon:,:unlock:,,:massage:,,:clapper:
:performing_arts:,:star:,:lock:,,:haircut:,,:performing_arts:
:sneezing_face:,:star2:,:lock_with_ink_pen:,,:barber:,,:sneezing_face:
:video_game:,:dizzy:,:closed_lock_with_key:,,:syringe:,,:video_game:
:dart:,:sparkles:,:key:,,:pill:,,:dart:
:slot_machine:,:comet:,:mag_right:,,:kiss:,,:slot_machine:
:8ball:,:sunny:,:bulb:,,:love_letter:,,:8ball:
:game_die:,:partly_sunny:,:flashlight:,,:ring:,,:game_die:
:bowling:,:cloud:,:high_brightness:,,:gem:,,:bowling:
:flower_playing_cards:,:cloud_with_rain:,:low_brightness:,,:couplekiss:,,:flower_playing_cards:
:lying_face:,:cloud_with_lightning:,:electric_plug:,,:bouquet:,,:lying_face:
:musical_note:,:zap:,:battery:,,:couple_with_heart:,,:musical_note:
:notes:,:fire:,:mag:,,:wedding:,,:notes:
:saxophone:,:boom:,:bathtub:,,:heartbeat:,,:saxophone:
:drooling_face:,:snowflake:,:bath:,,:broken_heart:,,:drooling_face:
:guitar:,:cloud_with_snow:,:shower:,,:two_hearts:,,:guitar:
:musical_keyboard:,:snowman:,:toilet:,,:sparkling_heart:,,:musical_keyboard:
:trumpet:,:dash:,:wrench:,,:heartpulse:,,:trumpet:
:rofl:,:fog:,:nut_and_bolt:,,:cupid:,,:rofl:
:violin:,:umbrella:,:hammer:,,:blue_heart:,,:violin:
:musical_score:,:droplet:,:door:,,:green_heart:,,:musical_score:
:running_shirt_with_sash:,:sweat_drops:,:smoking:,,:yellow_heart:,,:running_shirt_with_sash:
:nauseated_face:,:ocean:,:bomb:,,:purple_heart:,,:nauseated_face:
:tennis:,:green_apple:,:gun:,,:gift_heart:,,:tennis:
:ski:,:apple:,:pill:,,:revolving_hearts:,,:ski:
:basketball:,:pear:,:syringe:,,:heart_decoration:,,:basketball:
:checkered_flag:,:tangerine:,:moneybag:,,:diamond_shape_with_a_dot_inside:,,:checkered_flag:
:clown:,:lemon:,:yen:,,:bulb:,,:clown:
:snowboarder:,:banana:,:dollar:,,:anger:,,:snowboarder:
:person_running:,:watermelon:,:pound:,,:bomb:,,:person_running:
:person_surfing:,:grapes:,:euro:,,:zzz:,,:person_surfing:
:trophy:,:strawberry:,:credit_card:,,:sweat_drops:,,:trophy:
:football:,:melon:,:money_with_wings:,,:droplet:,,:football:
:person_swimming:,:cherries:,:calling:,,:dash:,,:person_swimming:
:house:,:peach:,:e-mail:,,:muscle:,,:house:
:house_with_garden:,:pineapple:,:inbox_tray:,,:dizzy:,,:house_with_garden:
:office:,:avocado:,:outbox_tray:,,:speech_balloon:,,:office:
:post_office:,:tomato:,:email:,,:thought_balloon:,,:post_office:
:hospital:,:eggplant:,:envelope_with_arrow:,,:white_flower:,,:hospital:
:bank:,:cucumber:,:incoming_envelope:,,:100:,,:bank:
:atm:,:carrot:,:postal_horn:,,:moneybag:,,:atm:
:hotel:,:hot_pepper:,:mailbox:,,:currency_exchange:,,:hotel:
:love_hotel:,:potato:,:mailbox_closed:,,:heavy_dollar_sign:,,:love_hotel:
:convenience_store:,:corn:,:mailbox_with_mail:,,:credit_card:,,:convenience_store:
:school:,:sweet_potato:,:mailbox_with_no_mail:,,:yen:,,:school:
:department_store:,:peanuts:,:postbox:,,:dollar:,,:department_store:
:cowboy:,:honey_pot:,:package:,,:euro:,,:cowboy:
:factory:,:croissant:,:memo:,,:pound:,,:factory:
:izakaya_lantern:,:bread:,:page_facing_up:,,:money_with_wings:,,:izakaya_lantern:
:japanese_castle:,:baguette_bread:,:page_with_curl:,,:chart:,,:japanese_castle:
:european_castle:,:cheese:,:bookmark_tabs:,,:seat:,,:european_castle:
:snail:,:egg:,:bar_chart:,,:computer:,,:snail:
:snake:,:bacon:,:chart_with_upwards_trend:,,:briefcase:,,:snake:
:racehorse:,:pancakes:,:chart_with_downwards_trend:,,:minidisc:,,:racehorse:
:sheep:,:poultry_leg:,:scroll:,,:floppy_disk:,,:sheep:
:monkey:,:meat_on_bone:,:clipboard:,,:cd:,,:monkey:
:chicken:,:fried_shrimp:,:date:,,:dvd:,,:chicken:
:boar:,:hamburger:,:calendar:,,:file_folder:,,:boar:
:elephant:,:fries:,:card_index:,,:open_file_folder:,,:elephant:
:octopus:,:stuffed_flatbread:,:file_folder:,,:page_with_curl:,,:octopus:
:shell:,:hotdog:,:open_file_folder:,,:page_facing_up:,,:shell:
:bug:,:pizza:,:scissors:,,:date:,,:bug:
:ant:,:spaghetti:,:pushpin:,,:calendar:,,:ant:
:bee:,:taco:,:paperclip:,,:card_index:,,:bee:
:beetle:,:burrito:,:black_nib:,,:chart_with_upwards_trend:,,:beetle:
:fish:,:green_salad:,:pencil2:,,:chart_with_downwards_trend:,,:fish:
:tropical_fish:,:shallow_pan_of_food:,:straight_ruler:,,:bar_chart:,,:tropical_fish:
:blowfish:,:ramen:,:triangular_ruler:,,:clipboard:,,:blowfish:
:turtle:,:stew:,:closed_book:,,:pushpin:,,:turtle:
:hatching_chick:,:fish_cake:,:green_book:,,:round_pushpin:,,:hatching_chick:
:baby_chick:,:sushi:,:blue_book:,,:paperclip:,,:baby_chick:
:hatched_chick:,:bento:,:orange_book:,,:straight_ruler:,,:hatched_chick:
:bird:,:curry:,:notebook:,,:triangular_ruler:,,:bird:
:penguin:,:rice_ball:,:notebook_with_decorative_cover:,,:bookmark_tabs:,,:penguin:
:koala:,:rice:,:ledger:,,:ledger:,,:koala:
:poodle:,:rice_cracker:,:books:,,:notebook:,,:poodle:
:camel:,:oden:,:book:,,:notebook_with_decorative_cover:,,:camel:
:dolphin:,:dango:,:bookmark:,,:closed_book:,,:dolphin:
:mouse:,:shaved_ice:,:name_badge:,,:green_book:,,:mouse:
:cow:,:ice_cream:,:microscope:,,:blue_book:,,:cow:
:tiger:,:icecream:,:telescope:,,:orange_book:,,:tiger:
:rabbit:,:cake:,:newspaper:,,:books:,,:rabbit:
:cat:,:birthday:,:art:,,:name_badge:,,:cat:
:dragon_face:,:custard:,:clapper:,,:scroll:,,:dragon_face:
:whale:,:candy:,:microphone:,,:telephone_receiver:,,:whale:
:horse:,:lollipop:,:headphones:,,:pager:,,:horse:
:monkey_face:,:chocolate_bar:,:musical_score:,,:fax:,,:monkey_face:
:dog:,:popcorn:,:musical_note:,,:loudspeaker:,,:dog:
:pig:,:doughnut:,:notes:,,:mega:,,:pig:
:frog:,:cookie:,:musical_keyboard:,,:outbox_tray:,,:frog:
:hamster:,:beer:,:violin:,,:inbox_tray:,,:hamster:
:wolf:,:beers:,:trumpet:,,:package:,,:wolf:
:bear:,:wine_glass:,:saxophone:,,:e-mail:,,:bear:
:panda_face:,:tumbler_glass:,:guitar:,,:incoming_envelope:,,:panda_face:
:pig_nose:,:cocktail:,:space_invader:,,:envelope_with_arrow:,,:pig_nose:
:feet:,:tropical_drink:,:video_game:,,:mailbox_closed:,,:feet:
:eyes:,:champagne:,:black_joker:,,:mailbox:,,:eyes:
:ear:,:sake:,:flower_playing_cards:,,:mailbox_with_mail:,,:ear:
:nose:,:tea:,:mahjong:,,:mailbox_with_no_mail:,,:nose:
:lips:,:coffee:,:game_die:,,:postbox:,,:lips:
:tongue:,:baby_bottle:,:dart:,,:postal_horn:,,:tongue:
:point_up_2:,:spoon:,:football:,,:newspaper:,,:point_up_2:
:point_down:,:fork_and_knife:,:basketball:,,:iphone:,,:point_down:
:point_left:,:soccer:,:soccer:,,:calling:,,:point_left:
:point_right:,:basketball:,:baseball:,,:vibration_mode:,,:point_right:
:punch:,:football:,:tennis:,,:mobile_phone_off:,,:punch:
:wave:,:baseball:,:8ball:,,:no_mobile_phones:,,:wave:
:ok_hand:,:tennis:,:rugby_football:,,:signal_strength:,,:ok_hand:
:thumbsup:,:volleyball:,:bowling:,,:camera:,,:thumbsup:
:thumbsdown:,:rugby_football:,:golf:,,:video_camera:,,:thumbsdown:
:clap:,:8ball:,:mountain_bicyclist:,,:tv:,,:clap:
:open_hands:,:golf:,:bicyclist:,,:radio:,,:open_hands:
:crown:,:ping_pong:,:checkered_flag:,,:vhs:,,:crown:
:womans_hat:,:badminton:,:horse_racing:,,:twisted_rightwards_arrows:,,:womans_hat:
:eyeglasses:,:goal_net:,:trophy:,,:repeat:,,:eyeglasses:
:necktie:,:field_hockey:,:ski:,,:repeat_one:,,:necktie:
:shirt:,:ski:,:snowboarder:,,:arrows_clockwise:,,:shirt:
:jeans:,:skier:,:swimmer:,,:arrows_counterclockwise:,,:jeans:
:dress:,:snowboarder:,:surfer:,,:low_brightness:,,:dress:
:kimono:,:person_fencing:,:fishing_pole_and_fish:,,:high_brightness:,,:kimono:
:bikini:,:women_wrestling:,:coffee:,,:mute:,,:bikini:
:womans_clothes:,:men_wrestling:,:tea:,,:speaker:,,:womans_clothes:
:purse:,:woman_cartwheeling:,:sake:,,:sound:,,:purse:
:handbag:,:man_cartwheeling:,:baby_bottle:,,:loud_sound:,,:handbag:
:pouch:,:woman_playing_handball:,:beer:,,:battery:,,:pouch:
:mans_shoe:,:man_playing_handball:,:beers:,,:electric_plug:,,:mans_shoe:
:athletic_shoe:,:ice_skate:,:cocktail:,,:mag:,,:athletic_shoe:
:high_heel:,:bow_and_arrow:,:tropical_drink:,,:mag_right:,,:high_heel:
:sandal:,:fishing_pole_and_fish:,:wine_glass:,,:lock_with_ink_pen:,,:sandal:
:boot:,:boxing_glove:,:fork_and_knife:,,:closed_lock_with_key:,,:boot:
:footprints:,:martial_arts_uniform:,:pizza:,,:key:,,:footprints:
:bust_in_silhouette:,:woman_playing_water_polo:,:hamburger:,,:lock:,,:bust_in_silhouette:
:boy:,:man_playing_water_polo:,:fries:,,:unlock:,,:boy:
:girl:,:bath:,:poultry_leg:,,:bell:,,:girl:
:man:,:horse_racing:,:meat_on_bone:,,:no_bell:,,:man:
:woman:,:trophy:,:spaghetti:,,:bookmark:,,:woman:
:family:,:running_shirt_with_sash:,:curry:,,:link:,,:family:
:couple:,:reminder_ribbon:,:fried_shrimp:,,:radio_button:,,:couple:
:police_officer:,:rosette:,:bento:,,:back:,,:police_officer:
:people_with_bunny_ears_partying:,:ticket:,:sushi:,,:end:,,:people_with_bunny_ears_partying:
:bride_with_veil:,:tickets:,:fish_cake:,,:on:,,:bride_with_veil:
:blond_haired_person:,:performing_arts:,:rice_ball:,,:soon:,,:blond_haired_person:
:man_with_chinese_cap:,:art:,:rice_cracker:,,:top:,,:man_with_chinese_cap:
:person_wearing_turban:,:circus_tent:,:rice:,,:underage:,,:person_wearing_turban:
:older_man:,:woman_juggling:,:ramen:,,:keycap_ten:,,:older_man:
:older_woman:,:man_juggling:,:stew:,,:capital_abcd:,,:older_woman:
:baby:,:microphone:,:oden:,,:abcd:,,:baby:
:construction_worker:,:headphones:,:dango:,,:1234:,,:construction_worker:
:princess:,:musical_score:,:egg:,,:symbols:,,:princess:
:japanese_ogre:,:musical_keyboard:,:bread:,,:abc:,,:japanese_ogre:
:japanese_goblin:,:drum:,:doughnut:,,:fire:,,:japanese_goblin:
:ghost:,:saxophone:,:custard:,,:flashlight:,,:ghost:
:angel:,:trumpet:,:icecream:,,:wrench:,,:angel:
:alien:,:guitar:,:ice_cream:,,:hammer:,,:alien:
:space_invader:,:violin:,:shaved_ice:,,:nut_and_bolt:,,:space_invader:
:imp:,:clapper:,:birthday:,,:gun:,,:imp:
:skull:,:video_game:,:cake:,,:microscope:,,:skull:
:card_index:,:space_invader:,:cookie:,,:telescope:,,:card_index:
:person_tipping_hand:,:dart:,:chocolate_bar:,,:crystal_ball:,,:person_tipping_hand:
:guard:,:game_die:,:candy:,,:six_pointed_star:,,:guard:
:dancer:,:slot_machine:,:lollipop:,,:beginner:,,:dancer:
:lipstick:,:bowling:,:honey_pot:,,:trident:,,:lipstick:
:nail_care:,:red_car:,:apple:,,:black_square_button:,,:nail_care:
:ledger:,:taxi:,:green_apple:,,:white_square_button:,,:ledger:
:person_getting_massage:,:blue_car:,:tangerine:,,:red_circle:,,:person_getting_massage:
:notebook:,:bus:,:lemon:,,:large_orange_diamond:,,:notebook:
:person_getting_haircut:,:trolleybus:,:cherries:,,:large_blue_diamond:,,:person_getting_haircut:
:notebook_with_decorative_cover:,:racing_car:,:grapes:,,:small_orange_diamond:,,:notebook_with_decorative_cover:
:barber:,:police_car:,:watermelon:,,:small_blue_diamond:,,:barber:
:closed_book:,:ambulance:,:strawberry:,,:small_red_triangle:,,:closed_book:
:syringe:,:fire_engine:,:peach:,,:small_red_triangle_down:,,:syringe:
:book:,:minibus:,:melon:,,:arrow_up_small:,,:book:
:pill:,:truck:,:banana:,,:arrow_down_small:,,:pill:
:green_book:,:articulated_lorry:,:pear:,,:clock1:,,:green_book:
:kiss:,:tractor:,:pineapple:,,:clock2:,,:kiss:
:blue_book:,:motorcycle:,:sweet_potato:,,:clock3:,,:blue_book:
:love_letter:,:bike:,:eggplant:,,:clock4:,,:love_letter:
:orange_book:,:motor_scooter:,:tomato:,,:clock5:,,:orange_book:
:ring:,:rotating_light:,:corn:,,:clock6:,,:ring:
:books:,:oncoming_police_car:,:house:,,:clock7:,,:books:
:gem:,:oncoming_bus:,:house_with_garden:,,:clock8:,,:gem:
:name_badge:,:oncoming_automobile:,:school:,,:clock9:,,:name_badge:
:couplekiss:,:oncoming_taxi:,:office:,,:clock10:,,:couplekiss:
:scroll:,:aerial_tramway:,:post_office:,,:clock11:,,:scroll:
:bouquet:,:mountain_cableway:,:hospital:,,:clock12:,,:bouquet:
:pencil:,:suspension_railway:,:bank:,,:clock130:,,:pencil:
:couple_with_heart:,:railway_car:,:convenience_store:,,:clock230:,,:couple_with_heart:
:telephone_receiver:,:train:,:love_hotel:,,:clock330:,,:telephone_receiver:
:wedding:,:monorail:,:hotel:,,:clock430:,,:wedding:
:pager:,:bullettrain_side:,:wedding:,,:clock530:,,:pager:
:fax:,:bullettrain_front:,:church:,,:clock630:,,:fax:
:heartbeat:,:light_rail:,:department_store:,,:clock730:,,:heartbeat:
:satellite:,:mountain_railway:,:european_post_office:,,:clock830:,,:satellite:
:loudspeaker:,:steam_locomotive:,:city_sunrise:,,:clock930:,,:loudspeaker:
:broken_heart:,:train2:,:city_sunset:,,:clock1030:,,:broken_heart:
:mega:,:metro:,:japanese_castle:,,:clock1130:,,:mega:
:outbox_tray:,:tram:,:european_castle:,,:clock1230:,,:outbox_tray:
:two_hearts:,:station:,:tent:,,:mount_fuji:,,:two_hearts:
:inbox_tray:,:helicopter:,:factory:,,:tokyo_tower:,,:inbox_tray:
:package:,:small_airplane:,:tokyo_tower:,,:statue_of_liberty:,,:package:
:sparkling_heart:,:airplane:,:japan:,,:japan:,,:sparkling_heart:
:e-mail:,:sailboat:,:mount_fuji:,,:moyai:,,:e-mail:
:incoming_envelope:,:speedboat:,:sunrise_over_mountains:,,:grinning:,,:incoming_envelope:
:heartpulse:,:ferry:,:sunrise:,,:grin:,,:heartpulse:
:envelope_with_arrow:,:passenger_ship:,:night_with_stars:,,:joy:,,:envelope_with_arrow:
:mailbox_closed:,:rocket:,:statue_of_liberty:,,:smiley:,,:mailbox_closed:
:cupid:,:seat:,:bridge_at_night:,,:smile:,,:cupid:
:mailbox:,:canoe:,:carousel_horse:,,:sweat_smile:,,:mailbox:
:postbox:,:anchor:,:ferris_wheel:,,:innocent:,,:postbox:
:blue_heart:,:construction:,:fountain:,,:smiling_imp:,,:blue_heart:
:newspaper:,:fuelpump:,:roller_coaster:,,:wink:,,:newspaper:
:iphone:,:busstop:,:ship:,,:blush:,,:iphone:
:green_heart:,:vertical_traffic_light:,:speedboat:,,:yum:,,:green_heart:
:calling:,:traffic_light:,:rowboat:,,:relieved:,,:calling:
:vibration_mode:,:checkered_flag:,:anchor:,,:heart_eyes:,,:vibration_mode:
:yellow_heart:,:ship:,:rocket:,,:sunglasses:,,:yellow_heart:
:mobile_phone_off:,:ferris_wheel:,:airplane:,,:smirk:,,:mobile_phone_off:
:signal_strength:,:roller_coaster:,:seat:,,:neutral_face:,,:signal_strength:
:purple_heart:,:carousel_horse:,:helicopter:,,:expressionless:,,:purple_heart:
:camera:,:building_construction:,:steam_locomotive:,,:unamused:,,:camera:
:video_camera:,:foggy:,:tram:,,:sweat:,,:video_camera:
:gift_heart:,:tokyo_tower:,:station:,,:pensive:,,:gift_heart:
:tv:,:factory:,:mountain_railway:,,:confused:,,:tv:
:radio:,:fountain:,:train2:,,:confounded:,,:radio:
:revolving_hearts:,:rice_scene:,:bullettrain_side:,,:kissing:,,:revolving_hearts:
:vhs:,:mountain:,:bullettrain_front:,,:kissing_heart:,,:vhs:
:arrows_clockwise:,:mountain_snow:,:light_rail:,,:kissing_smiling_eyes:,,:arrows_clockwise:
:heart_decoration:,:mount_fuji:,:metro:,,:kissing_closed_eyes:,,:heart_decoration:
:loud_sound:,:volcano:,:monorail:,,:stuck_out_tongue:,,:loud_sound:
:battery:,:japan:,:train:,,:stuck_out_tongue_winking_eye:,,:battery:
:diamond_shape_with_a_dot_inside:,:camping:,:railway_car:,,:stuck_out_tongue_closed_eyes:,,:diamond_shape_with_a_dot_inside:
:electric_plug:,:tent:,:trolleybus:,,:disappointed:,,:electric_plug:
:mag:,:national_park:,:bus:,,:worried:,,:mag:
:bulb:,:motorway:,:oncoming_bus:,,:angry:,,:bulb:
:mag_right:,:railway_track:,:blue_car:,,:rage:,,:mag_right:
:lock_with_ink_pen:,:sunrise:,:oncoming_automobile:,,:cry:,,:lock_with_ink_pen:
:anger:,:sunrise_over_mountains:,:taxi:,,:persevere:,,:anger:
:closed_lock_with_key:,:desert:,:oncoming_taxi:,,:triumph:,,:closed_lock_with_key:
:key:,:beach_umbrella:,:articulated_lorry:,,:disappointed_relieved:,,:key:
:bomb:,:desert_island:,:truck:,,:frowning:,,:bomb:
:lock:,:city_sunrise:,:rotating_light:,,:anguished:,,:lock:
:unlock:,:city_sunset:,:police_car:,,:fearful:,,:unlock:
:zzz:,:cityscape:,:oncoming_police_car:,,:weary:,,:zzz:
:bell:,:night_with_stars:,:fire_engine:,,:sleepy:,,:bell:
:bookmark:,:bridge_at_night:,:ambulance:,,:tired_face:,,:bookmark:
:boom:,:milky_way:,:minibus:,,:grimacing:,,:boom:
:link:,:stars:,:bike:,,:sob:,,:link:
:radio_button:,:sparkler:,:aerial_tramway:,,:open_mouth:,,:radio_button:
:sweat_drops:,:fireworks:,:suspension_railway:,,:hushed:,,:sweat_drops:
:back:,:rainbow:,:mountain_cableway:,,:cold_sweat:,,:back:
:end:,:european_castle:,:tractor:,,:scream:,,:end:
:droplet:,:japanese_castle:,:barber:,,:astonished:,,:droplet:
:on:,:stadium:,:busstop:,,:flushed:,,:on:
:soon:,:statue_of_liberty:,:ticket:,,:sleeping:,,:soon:
:dash:,:house:,:vertical_traffic_light:,,:dizzy_face:,,:dash:
:top:,:house_with_garden:,:traffic_light:,,:no_mouth:,,:top:
:underage:,:office:,:warning:,,:mask:,,:underage:
:poop:,:department_store:,:construction:,,:smile_cat:,,:poop:
:keycap_ten:,:post_office:,:beginner:,,:joy_cat:,,:keycap_ten:
:muscle:,:european_post_office:,:fuelpump:,,:smiley_cat:,,:muscle:
:capital_abcd:,:hospital:,:izakaya_lantern:,,:heart_eyes_cat:,,:capital_abcd:
:abcd:,:bank:,:slot_machine:,,:smirk_cat:,,:abcd:
:dizzy:,:hotel:,:hotsprings:,,:kissing_cat:,,:dizzy:
:1234:,:convenience_store:,:moyai:,,:pouting_cat:,,:1234:
:symbols:,:school:,:circus_tent:,,:crying_cat_face:,,:symbols:
:speech_balloon:,:love_hotel:,:performing_arts:,,:scream_cat:,,:speech_balloon:
:abc:,:wedding:,:round_pushpin:,,:no_good:,,:abc:
:fire:,:classical_building:,:triangular_flag_on_post:,,:ok_woman:,,:fire:
:white_flower:,:church:,:jp:,,:bow:,,:white_flower:
:flashlight:,:mosque:,:kr:,,:see_no_evil:,,:flashlight:
:wrench:,:synagogue:,:de:,,:hear_no_evil:,,:wrench:
:100:,:kaaba:,:cn:,,:speak_no_evil:,,:100:
:hammer:,:shinto_shrine:,:us:,,:raising_hand:,,:hammer:
:nut_and_bolt:,:watch:,:fr:,,:raised_hands:,,:nut_and_bolt:
:moneybag:,:iphone:,:es:,,:person_frowning:,,:moneybag:
:knife:,:calling:,:it:,,:person_with_pouting_face:,,:knife:
:gun:,:computer:,:ru:,,:pray:,,:gun:
:currency_exchange:,:keyboard:,:gb:,,:rocket:,,:currency_exchange:
:crystal_ball:,:desktop_computer:,:one:,,:helicopter:,,:crystal_ball:
:heavy_dollar_sign:,:printer:,:two:,,:steam_locomotive:,,:heavy_dollar_sign:
:six_pointed_star:,:trackball:,:three:,,:railway_car:,,:six_pointed_star:
:credit_card:,:joystick:,:four:,,:bullettrain_side:,,:credit_card:
:beginner:,:minidisc:,:five:,,:bullettrain_front:,,:beginner:
:trident:,:floppy_disk:,:six:,,:train2:,,:trident:
:yen:,:cd:,:seven:,,:metro:,,:yen:
:black_square_button:,:dvd:,:eight:,,:light_rail:,,:black_square_button:
:white_square_button:,:vhs:,:nine:,,:station:,,:white_square_button:
:dollar:,:camera:,:zero:,,:tram:,,:dollar:
:red_circle:,:video_camera:,:keycap_ten:,,:train:,,:red_circle:
:blue_circle:,:movie_camera:,:1234:,,:bus:,,:blue_circle:
:money_with_wings:,:film_projector:,:hash:,,:oncoming_bus:,,:money_with_wings:
:large_orange_diamond:,:telephone_receiver:,:symbols:,,:trolleybus:,,:large_orange_diamond:
:large_blue_diamond:,:pager:,:arrow_up:,,:busstop:,,:large_blue_diamond:
:chart:,:fax:,:arrow_down:,,:minibus:,,:chart:
:small_orange_diamond:,:tv:,:arrow_left:,,:ambulance:,,:small_orange_diamond:
:small_blue_diamond:,:radio:,:arrow_right:,,:fire_engine:,,:small_blue_diamond:
:seat:,:studio_microphone:,:capital_abcd:,,:police_car:,,:seat:
:small_red_triangle:,:level_slider:,:abcd:,,:oncoming_police_car:,,:small_red_triangle:
:small_red_triangle_down:,:control_knobs:,:abc:,,:taxi:,,:small_red_triangle_down:
:computer:,:stopwatch:,:arrow_upper_right:,,:oncoming_taxi:,,:computer:
:arrow_up_small:,:timer_clock:,:arrow_upper_left:,,:oncoming_automobile:,,:arrow_up_small:
:briefcase:,:alarm_clock:,:arrow_lower_right:,,:blue_car:,,:briefcase:
:arrow_down_small:,:hourglass_flowing_sand:,:arrow_lower_left:,,:truck:,,:arrow_down_small:
:clock1:,:hourglass:,:left_right_arrow:,,:articulated_lorry:,,:clock1:
:minidisc:,:satellite:,:arrow_up_down:,,:tractor:,,:minidisc:
:clock2:,:battery:,:arrows_counterclockwise:,,:monorail:,,:clock2:
:floppy_disk:,:electric_plug:,:arrow_backward:,,:mountain_railway:,,:floppy_disk:
:clock3:,:bulb:,:arrow_forward:,,:suspension_railway:,,:clock3:
:cd:,:flashlight:,:arrow_up_small:,,:mountain_cableway:,,:cd:
:clock4:,:candle:,:arrow_down_small:,,:aerial_tramway:,,:clock4:
:dvd:,:wastebasket:,:leftwards_arrow_with_hook:,,:ship:,,:dvd:
:clock5:,:oil_drum:,:arrow_right_hook:,,:rowboat:,,:clock5:
:clock6:,:money_with_wings:,:information_source:,,:speedboat:,,:clock6:
:file_folder:,:dollar:,:rewind:,,:traffic_light:,,:file_folder:
:clock7:,:yen:,:fast_forward:,,:vertical_traffic_light:,,:clock7:
:clock8:,:euro:,:arrow_double_up:,,:construction:,,:clock8:
:open_file_folder:,:pound:,:arrow_double_down:,,:rotating_light:,,:open_file_folder:
:clock9:,:moneybag:,:arrow_heading_down:,,:triangular_flag_on_post:,,:clock9:
:clock10:,:credit_card:,:arrow_heading_up:,,:door:,,:clock10:
:page_with_curl:,:gem:,:ok:,,:no_entry_sign:,,:page_with_curl:
:clock11:,:wrench:,:twisted_rightwards_arrows:,,:smoking:,,:clock11:
:clock12:,:hammer:,:repeat:,,:no_smoking:,,:clock12:
:page_facing_up:,:hammer_and_pick:,:repeat_one:,,:put_litter_in_its_place:,,:page_facing_up:
:mount_fuji:,:hammer_and_wrench:,:new:,,:do_not_litter:,,:mount_fuji:
:tokyo_tower:,:pick:,:up:,,:potable_water:,,:tokyo_tower:
:date:,:nut_and_bolt:,:cool:,,:non-potable_water:,,:date:
:statue_of_liberty:,:gear:,:free:,,:bike:,,:statue_of_liberty:
:japan:,:chains:,:ng:,,:no_bicycles:,,:japan:
:calendar:,:gun:,:signal_strength:,,:bicyclist:,,:calendar:
:moyai:,:bomb:,:cinema:,,:mountain_bicyclist:,,:moyai:
:grin:,:dagger:,:koko:,,:walking:,,:grin:
:joy:,:crossed_swords:,:u6307:,,:no_pedestrians:,,:joy:
:smiley:,:shield:,:u7a7a:,,:children_crossing:,,:smiley:
:chart_with_upwards_trend:,:smoking:,:u6e80:,,:mens:,,:chart_with_upwards_trend:
:smile:,:skull_and_crossbones:,:u5408:,,:womens:,,:smile:
:sweat_smile:,:coffin:,:u7981:,,:restroom:,,:sweat_smile:
:chart_with_downwards_trend:,:funeral_urn:,:ideograph_advantage:,,:baby_symbol:,,:chart_with_downwards_trend:
:laughing:,:amphora:,:u5272:,,:toilet:,,:laughing:
:wink:,:crystal_ball:,:u55b6:,,:wc:,,:wink:
:bar_chart:,:prayer_beads:,:u6709:,,:shower:,,:bar_chart:
:blush:,:barber:,:u7121:,,:bath:,,:blush:
:yum:,:alembic:,:restroom:,,:bathtub:,,:yum:
:clipboard:,:telescope:,:mens:,,:passport_control:,,:clipboard:
:relieved:,:microscope:,:womens:,,:customs:,,:relieved:
:heart_eyes:,:hole:,:baby_symbol:,,:baggage_claim:,,:heart_eyes:
:pushpin:,:pill:,:wc:,,:left_luggage:,,:pushpin:
:smirk:,:syringe:,:potable_water:,,:bangbang:,,:smirk:
:unamused:,:thermometer:,:put_litter_in_its_place:,,:leftwards_arrow_with_hook:,,:unamused:
:round_pushpin:,:label:,:parking:,,:arrow_right_hook:,,:round_pushpin:
:sweat:,:bookmark:,:wheelchair:,,:watch:,,:sweat:
:pensive:,:toilet:,:no_smoking:,,:hourglass:,,:pensive:
:paperclip:,:shower:,:u6708:,,:rewind:,,:paperclip:
:confounded:,:bathtub:,:u7533:,,:arrow_double_up:,,:confounded:
:kissing_heart:,:key:,:sa:,,:arrow_double_down:,,:kissing_heart:
:straight_ruler:,:old_key:,:m:,,:alarm_clock:,,:straight_ruler:
:kissing_closed_eyes:,:couch_and_lamp:,:passport_control:,,:hourglass_flowing_sand:,,:kissing_closed_eyes:
:stuck_out_tongue_winking_eye:,:bed:,:baggage_claim:,,:m:,,:stuck_out_tongue_winking_eye:
:triangular_ruler:,:door:,:left_luggage:,,:black_small_square:,,:triangular_ruler:
:stuck_out_tongue_closed_eyes:,:bellhop_bell:,:customs:,,:white_small_square:,,:stuck_out_tongue_closed_eyes:
:disappointed:,:world_map:,:accept:,,:arrow_forward:,,:disappointed:
:bookmark_tabs:,:moyai:,:secret:,,:arrow_backward:,,:bookmark_tabs:
:angry:,:shopping_cart:,:congratulations:,,:white_medium_square:,,:angry:
:rage:,:balloon:,:cl:,,:black_medium_square:,,:rage:
:cry:,:flags:,:sos:,,:white_medium_small_square:,,:cry:
:persevere:,:ribbon:,:id:,,:black_medium_small_square:,,:persevere:
:triumph:,:gift:,:no_entry_sign:,,:point_up:,,:triumph:
:disappointed_relieved:,:confetti_ball:,:underage:,,:relaxed:,,:disappointed_relieved:
:fearful:,:tada:,:no_mobile_phones:,,:gemini:,,:fearful:
:weary:,:dolls:,:do_not_litter:,,:cancer:,,:weary:
:sleepy:,:wind_chime:,:non-potable_water:,,:leo:,,:sleepy:
:tired_face:,:crossed_flags:,:no_bicycles:,,:virgo:,,:tired_face:
:sob:,:izakaya_lantern:,:no_pedestrians:,,:libra:,,:sob:
:cold_sweat:,:email:,:children_crossing:,,:scorpius:,,:cold_sweat:
:scream:,:envelope_with_arrow:,:no_entry:,,:recycle:,,:scream:
:astonished:,:incoming_envelope:,:eight_spoked_asterisk:,,:wheelchair:,,:astonished:
:flushed:,:e-mail:,:sparkle:,,:warning:,,:flushed:
:dizzy_face:,:love_letter:,:negative_squared_cross_mark:,,:zap:,,:dizzy_face:
:mask:,:postbox:,:white_check_mark:,,:white_circle:,,:mask:
:smile_cat:,:mailbox_closed:,:eight_pointed_black_star:,,:black_circle:,,:smile_cat:
:joy_cat:,:mailbox:,:heart_decoration:,,:soccer:,,:joy_cat:
:smiley_cat:,:mailbox_with_mail:,:vs:,,:baseball:,,:smiley_cat:
:heart_eyes_cat:,:mailbox_with_no_mail:,:vibration_mode:,,:partly_sunny:,,:heart_eyes_cat:
:smirk_cat:,:package:,:mobile_phone_off:,,:ophiuchus:,,:smirk_cat:
:kissing_cat:,:postal_horn:,:a:,,:no_entry:,,:kissing_cat:
:pouting_cat:,:inbox_tray:,:b:,,:church:,,:pouting_cat:
:crying_cat_face:,:outbox_tray:,:ab:,,:fountain:,,:crying_cat_face:
:scream_cat:,:scroll:,:o2:,,:golf:,,:scream_cat:
:person_gesturing_no:,:page_with_curl:,:diamond_shape_with_a_dot_inside:,,:tent:,,:person_gesturing_no:
:person_gesturing_ok:,:bookmark_tabs:,:loop:,,:fuelpump:,,:person_gesturing_ok:
:person_bowing:,:bar_chart:,:recycle:,,:fist:,,:person_bowing:
:see_no_evil:,:chart_with_upwards_trend:,:aries:,,:v:,,:see_no_evil:
:hear_no_evil:,:chart_with_downwards_trend:,:taurus:,,:pencil2:,,:hear_no_evil:
:speak_no_evil:,:page_facing_up:,:gemini:,,:x:,,:speak_no_evil:
:person_raising_hand:,:date:,:cancer:,,:negative_squared_cross_mark:,,:person_raising_hand:
:raised_hands:,:calendar:,:leo:,,:arrow_right:,,:raised_hands:
:person_frowning:,:card_index:,:virgo:,,:curly_loop:,,:person_frowning:
:person_pouting:,:card_file_box:,:libra:,,:loop:,,:person_pouting:
:pray:,:ballot_box:,:scorpius:,,:arrow_left:,,:pray:
:rocket:,:file_cabinet:,:sagittarius:,,:arrow_up:,,:rocket:
:railway_car:,:clipboard:,:capricorn:,,:arrow_down:,,:railway_car:
:bullettrain_side:,:file_folder:,:aquarius:,,:black_large_square:,,:bullettrain_side:
:bullettrain_front:,:open_file_folder:,:pisces:,,:white_large_square:,,:bullettrain_front:
:metro:,:card_index_dividers:,:ophiuchus:,,:star:,,:metro:
:station:,:newspaper:,:six_pointed_star:,,:o:,,:station:
:bus:,:notebook:,:atm:,,:part_alternation_mark:,,:bus:
:busstop:,:closed_book:,:chart:,,:interrobang:,,:busstop:
:ambulance:,:green_book:,:heavy_dollar_sign:,,:tm:,,:ambulance:
:fire_engine:,:blue_book:,:currency_exchange:,,:information_source:,,:fire_engine:
:police_car:,:orange_book:,:copyright:,,:left_right_arrow:,,:police_car:
:taxi:,:notebook_with_decorative_cover:,:registered:,,:arrow_up_down:,,:taxi:
:red_car:,:ledger:,:tm:,,:arrow_upper_left:,,:red_car:
:blue_car:,:books:,:x:,,:arrow_upper_right:,,:blue_car:
:truck:,:link:,:bangbang:,,:arrow_lower_right:,,:truck:
:ship:,:paperclip:,:interrobang:,,:arrow_lower_left:,,:ship:
:speedboat:,:paperclips:,:exclamation:,,:sunny:,,:speedboat:
:traffic_light:,:scissors:,:question:,,:cloud:,,:traffic_light:
:construction:,:triangular_ruler:,:grey_exclamation:,,:ballot_box_with_check:,,:construction:
:rotating_light:,:straight_ruler:,:grey_question:,,:coffee:,,:rotating_light:
:triangular_flag_on_post:,:pushpin:,:o:,,:aries:,,:triangular_flag_on_post:
:door:,:round_pushpin:,:top:,,:taurus:,,:door:
:no_entry_sign:,:triangular_flag_on_post:,:end:,,:sagittarius:,,:no_entry_sign:
:smoking:,:rainbow_flag:,:back:,,:capricorn:,,:smoking:
:no_smoking:,:closed_lock_with_key:,:on:,,:aquarius:,,:no_smoking:
:bike:,:lock:,:soon:,,:pisces:,,:bike:
:person_walking:,:unlock:,:arrows_clockwise:,,:spades:,,:person_walking:
:mens:,:lock_with_ink_pen:,:clock12:,,:clubs:,,:mens:
:womens:,:black_nib:,:clock1230:,,:hearts:,,:womens:
:restroom:,:memo:,:clock1:,,:diamonds:,,:restroom:
:baby_symbol:,:pencil2:,:clock130:,,:hotsprings:,,:baby_symbol:
:toilet:,:crayon:,:clock2:,,:anchor:,,:toilet:
:wc:,:paintbrush:,:clock230:,,:scissors:,,:wc:
:bath:,:mag:,:clock3:,,:white_check_mark:,,:bath:
:metal:,:mag_right:,:clock330:,,:airplane:,,:metal:
:grinning:,:heart:,:clock4:,,:black_nib:,,:grinning:
:innocent:,:yellow_heart:,:clock430:,,:heavy_check_mark:,,:innocent:
:smiling_imp:,:green_heart:,:clock5:,,:heavy_multiplication_x:,,:smiling_imp:
:sunglasses:,:blue_heart:,:clock530:,,:sparkles:,,:sunglasses:
:neutral_face:,:purple_heart:,:clock6:,,:eight_spoked_asterisk:,,:neutral_face:
:expressionless:,:black_heart:,:clock7:,,:eight_pointed_black_star:,,:expressionless:
:confused:,:broken_heart:,:clock8:,,:snowflake:,,:confused:
:kissing:,:two_hearts:,:clock9:,,:sparkle:,,:kissing:
:kissing_smiling_eyes:,:revolving_hearts:,:clock10:,,:question:,,:kissing_smiling_eyes:
:stuck_out_tongue:,:heartbeat:,:clock11:,,:grey_question:,,:stuck_out_tongue:
:worried:,:heartpulse:,:clock630:,,:grey_exclamation:,,:worried:
:frowning:,:sparkling_heart:,:clock730:,,:heart:,,:frowning:
:anguished:,:cupid:,:clock830:,,:heavy_plus_sign:,,:anguished:
:grimacing:,:gift_heart:,:clock930:,,:heavy_minus_sign:,,:grimacing:
:open_mouth:,:heart_decoration:,:clock1030:,,:heavy_division_sign:,,:open_mouth:
:hushed:,:peace_symbol:,:clock1130:,,:arrow_heading_up:,,:hushed:
:sleeping:,:latin_cross:,:heavy_multiplication_x:,,:arrow_heading_down:,,:sleeping:
:no_mouth:,:star_and_crescent:,:heavy_plus_sign:,,:wavy_dash:,,:no_mouth:
:helicopter:,:om:,:heavy_minus_sign:,,:congratulations:,,:helicopter:
:steam_locomotive:,:wheel_of_dharma:,:heavy_division_sign:,,:secret:,,:steam_locomotive:
:train2:,:star_of_david:,:spades:,,:fast_forward:,,:train2:
:light_rail:,:six_pointed_star:,:hearts:,,:family_man_woman_boy:,,:light_rail:
:tram:,:menorah:,:clubs:,,:cn:,,:tram:
:oncoming_bus:,:yin_yang:,:diamonds:,,:de:,,:oncoming_bus:
:trolleybus:,:orthodox_cross:,:white_flower:,,:es:,,:trolleybus:
:minibus:,:place_of_worship:,:100:,,:fr:,,:minibus:
:oncoming_police_car:,:ophiuchus:,:heavy_check_mark:,,:gb:,,:oncoming_police_car:
:oncoming_taxi:,:aries:,:ballot_box_with_check:,,:it:,,:oncoming_taxi:
:oncoming_automobile:,:taurus:,:radio_button:,,:jp:,,:oncoming_automobile:
:articulated_lorry:,:gemini:,:link:,,:kr:,,:articulated_lorry:
:tractor:,:cancer:,:curly_loop:,,:ru:,,:tractor:
:monorail:,:leo:,:wavy_dash:,,:us:,,:monorail:
:mountain_railway:,:virgo:,:part_alternation_mark:,,:runner:,,:mountain_railway:
:suspension_railway:,:libra:,:trident:,,:izakaya_lantern:,,:suspension_railway:
:mountain_cableway:,:scorpius:,:black_medium_square:,,:bee:,,:mountain_cableway:
:aerial_tramway:,:sagittarius:,:white_medium_square:,,:dolphin:,,:aerial_tramway:
:person_rowing_boat:,:capricorn:,:black_medium_small_square:,,:feet:,,:person_rowing_boat:
:vertical_traffic_light:,:aquarius:,:white_medium_small_square:,,:+1:,,:vertical_traffic_light:
:put_litter_in_its_place:,:pisces:,:black_small_square:,,:-1:,,:put_litter_in_its_place:
:do_not_litter:,:id:,:white_small_square:,,:shirt:,,:do_not_litter:
:potable_water:,:atom_symbol:,:small_red_triangle:,,:mans_shoe:,,:potable_water:
:non-potable_water:,:u7a7a:,:black_square_button:,,:family:,,:non-potable_water:
:no_bicycles:,:u5272:,:white_square_button:,,:couple:,,:no_bicycles:
:person_biking:,:radioactive:,:black_circle:,,:boom:,,:person_biking:
:person_mountain_biking:,:biohazard:,:white_circle:,,:hankey:,,:person_mountain_biking:
:no_pedestrians:,:mobile_phone_off:,:red_circle:,,:book:,,:no_pedestrians:
:children_crossing:,:vibration_mode:,:small_red_triangle_down:,,:memo:,,:children_crossing:
:shower:,:u6709:,:white_large_square:,,:laughing:,,:shower:
:bathtub:,:u7121:,:black_large_square:,,:email:,,:bathtub:
:passport_control:,:u7533:,:large_orange_diamond:,,:exclamation:,,:passport_control:
:customs:,:u55b6:,:large_blue_diamond:,,:waxing_gibbous_moon:,,:customs:
:baggage_claim:,:u6708:,:small_orange_diamond:,,:cooking:,,:baggage_claim:
:left_luggage:,:eight_pointed_black_star:,:small_blue_diamond:,,:paw_prints:,,:left_luggage:
:earth_africa:,:vs:,:satisfied:,,:punch:,,:earth_africa:
:earth_americas:,:accept:,:poop:,,:thumbsup:,,:earth_americas:
:globe_with_meridians:,:white_flower:,:thumbsup:,,:thumbsdown:,,:globe_with_meridians:
:waxing_crescent_moon:,:ideograph_advantage:,:thumbsdown:,,:poop:,,:waxing_crescent_moon:
:waning_gibbous_moon:,:secret:,:punch:,,:pencil:,,:waning_gibbous_moon:
:last_quarter_moon:,:congratulations:,:raised_hand:,,:knife:,,:last_quarter_moon:
:waning_crescent_moon:,:u5408:,:paw_prints:,,:satisfied:,,:waning_crescent_moon:
:new_moon_with_face:,:u6e80:,:waxing_gibbous_moon:,,:red_car:,,:new_moon_with_face:
:last_quarter_moon_with_face:,:u7981:,:telephone:,,:telephone:,,:last_quarter_moon_with_face:
:full_moon_with_face:,:a:,:knife:,,:sailboat:,,:full_moon_with_face:
:sun_with_face:,:b:,:envelope:,,:raised_hand:,,:sun_with_face:
:evergreen_tree:,:ab:,:pencil:,,:envelope:,,:evergreen_tree:
:deciduous_tree:,:cl:,:sailboat:,,:shit:,,:deciduous_tree:
:lemon:,:o2:,:red_car:,,,,:lemon:
:pear:,:sos:,:shit:,,,,:pear:
:baby_bottle:,:no_entry:,,,,,:baby_bottle:
:horse_racing:,:name_badge:,,,,,:horse_racing:
:rugby_football:,:no_entry_sign:,,,,,:rugby_football:
:european_post_office:,:x:,,,,,:european_post_office:
:rat:,:o:,,,,,:rat:
:mouse2:,:stop_sign:,,,,,:mouse2:
:ox:,:anger:,,,,,:ox:
:water_buffalo:,:hotsprings:,,,,,:water_buffalo:
:cow2:,:no_pedestrians:,,,,,:cow2:
:tiger2:,:do_not_litter:,,,,,:tiger2:
:leopard:,:no_bicycles:,,,,,:leopard:
:rabbit2:,:non-potable_water:,,,,,:rabbit2:
:cat2:,:underage:,,,,,:cat2:
:dragon:,:no_mobile_phones:,,,,,:dragon:
:crocodile:,:exclamation:,,,,,:crocodile:
:whale2:,:grey_exclamation:,,,,,:whale2:
:ram:,:question:,,,,,:ram:
:goat:,:grey_question:,,,,,:goat:
:rooster:,:bangbang:,,,,,:rooster:
:dog2:,:interrobang:,,,,,:dog2:
:pig2:,:100:,,,,,:pig2:
:dromedary_camel:,:low_brightness:,,,,,:dromedary_camel:
:busts_in_silhouette:,:high_brightness:,,,,,:busts_in_silhouette:
:two_men_holding_hands:,:trident:,,,,,:two_men_holding_hands:
:two_women_holding_hands:,:part_alternation_mark:,,,,,:two_women_holding_hands:
:thought_balloon:,:warning:,,,,,:thought_balloon:
:euro:,:children_crossing:,,,,,:euro:
:pound:,:beginner:,,,,,:pound:
:mailbox_with_mail:,:recycle:,,,,,:mailbox_with_mail:
:mailbox_with_no_mail:,:u6307:,,,,,:mailbox_with_no_mail:
:postal_horn:,:chart:,,,,,:postal_horn:
:no_mobile_phones:,:sparkle:,,,,,:no_mobile_phones:
:twisted_rightwards_arrows:,:eight_spoked_asterisk:,,,,,:twisted_rightwards_arrows:
:repeat:,:negative_squared_cross_mark:,,,,,:repeat:
:repeat_one:,:white_check_mark:,,,,,:repeat_one:
:arrows_counterclockwise:,:diamond_shape_with_a_dot_inside:,,,,,:arrows_counterclockwise:
:low_brightness:,:cyclone:,,,,,:low_brightness:
:high_brightness:,:loop:,,,,,:high_brightness:
:mute:,:globe_with_meridians:,,,,,:mute:
:sound:,:m:,,,,,:sound:
:no_bell:,:atm:,,,,,:no_bell:
:microscope:,:sa:,,,,,:microscope:
:telescope:,:passport_control:,,,,,:telescope:
:clock130:,:customs:,,,,,:clock130:
:clock230:,:baggage_claim:,,,,,:clock230:
:clock330:,:left_luggage:,,,,,:clock330:
:clock430:,:wheelchair:,,,,,:clock430:
:clock530:,:no_smoking:,,,,,:clock530:
:clock630:,:wc:,,,,,:clock630:
:clock730:,:parking:,,,,,:clock730:
:clock830:,:potable_water:,,,,,:clock830:
:clock930:,:mens:,,,,,:clock930:
:clock1030:,:womens:,,,,,:clock1030:
:clock1130:,:baby_symbol:,,,,,:clock1130:
:clock1230:,:restroom:,,,,,:clock1230:
:speaker:,:put_litter_in_its_place:,,,,,:speaker:
:train:,:cinema:,,,,,:train:
:loop:,:signal_strength:,,,,,:loop:
:flag_af:,:koko:,,,,,:flag_af:
:flag_al:,:ng:,,,,,:flag_al:
:flag_dz:,:ok:,,,,,:flag_dz:
:flag_ad:,:up:,,,,,:flag_ad:
:flag_ao:,:cool:,,,,,:flag_ao:
:flag_ag:,:new:,,,,,:flag_ag:
:flag_ar:,:free:,,,,,:flag_ar:
:flag_am:,:zero:,,,,,:flag_am:
:flag_au:,:one:,,,,,:flag_au:
:flag_at:,:two:,,,,,:flag_at:
:flag_az:,:three:,,,,,:flag_az:
:flag_bs:,:four:,,,,,:flag_bs:
:flag_bh:,:five:,,,,,:flag_bh:
:flag_bd:,:six:,,,,,:flag_bd:
:flag_bb:,:seven:,,,,,:flag_bb:
:flag_by:,:eight:,,,,,:flag_by:
:flag_be:,:nine:,,,,,:flag_be:
:flag_bz:,:keycap_ten:,,,,,:flag_bz:
:flag_bj:,:asterisk:,,,,,:flag_bj:
:flag_bt:,:1234:,,,,,:flag_bt:
:flag_bo:,:arrow_forward:,,,,,:flag_bo:
:flag_ba:,:pause_button:,,,,,:flag_ba:
:flag_bw:,:stop_button:,,,,,:flag_bw:
:flag_br:,:record_button:,,,,,:flag_br:
:flag_bn:,:fast_forward:,,,,,:flag_bn:
:flag_bg:,:rewind:,,,,,:flag_bg:
:flag_bf:,:twisted_rightwards_arrows:,,,,,:flag_bf:
:flag_bi:,:repeat:,,,,,:flag_bi:
:flag_kh:,:repeat_one:,,,,,:flag_kh:
:flag_cm:,:arrow_backward:,,,,,:flag_cm:
:flag_ca:,:arrow_up_small:,,,,,:flag_ca:
:flag_cv:,:arrow_down_small:,,,,,:flag_cv:
:flag_cf:,:arrow_double_up:,,,,,:flag_cf:
:flag_td:,:arrow_double_down:,,,,,:flag_td:
:flag_cl:,:arrow_right:,,,,,:flag_cl:
:flag_co:,:arrow_left:,,,,,:flag_co:
:flag_km:,:arrow_up:,,,,,:flag_km:
:flag_cr:,:arrow_down:,,,,,:flag_cr:
:flag_ci:,:arrow_upper_right:,,,,,:flag_ci:
:flag_hr:,:arrow_lower_right:,,,,,:flag_hr:
:flag_cu:,:arrow_lower_left:,,,,,:flag_cu:
:flag_cy:,:arrow_upper_left:,,,,,:flag_cy:
:flag_cz:,:arrow_up_down:,,,,,:flag_cz:
:flag_cd:,:left_right_arrow:,,,,,:flag_cd:
:flag_dk:,:arrows_counterclockwise:,,,,,:flag_dk:
:flag_dj:,:arrow_right_hook:,,,,,:flag_dj:
:flag_dm:,:leftwards_arrow_with_hook:,,,,,:flag_dm:
:flag_do:,:arrow_heading_up:,,,,,:flag_do:
:flag_tl:,:arrow_heading_down:,,,,,:flag_tl:
:flag_ec:,:hash:,,,,,:flag_ec:
:flag_eg:,:information_source:,,,,,:flag_eg:
:flag_sv:,:abc:,,,,,:flag_sv:
:flag_gq:,:abcd:,,,,,:flag_gq:
:flag_er:,:capital_abcd:,,,,,:flag_er:
:flag_ee:,:symbols:,,,,,:flag_ee:
:flag_et:,:musical_note:,,,,,:flag_et:
:flag_fj:,:notes:,,,,,:flag_fj:
:flag_fi:,:wavy_dash:,,,,,:flag_fi:
:flag_ga:,:curly_loop:,,,,,:flag_ga:
:flag_gm:,:heavy_check_mark:,,,,,:flag_gm:
:flag_ge:,:arrows_clockwise:,,,,,:flag_ge:
:flag_gh:,:heavy_plus_sign:,,,,,:flag_gh:
:flag_gr:,:heavy_minus_sign:,,,,,:flag_gr:
:flag_gd:,:heavy_division_sign:,,,,,:flag_gd:
:flag_gt:,:heavy_multiplication_x:,,,,,:flag_gt:
:flag_gn:,:heavy_dollar_sign:,,,,,:flag_gn:
:flag_gw:,:currency_exchange:,,,,,:flag_gw:
:flag_gy:,:copyright:,,,,,:flag_gy:
:flag_ht:,:registered:,,,,,:flag_ht:
:flag_hn:,:tm:,,,,,:flag_hn:
:flag_hu:,:end:,,,,,:flag_hu:
:flag_is:,:back:,,,,,:flag_is:
:flag_in:,:on:,,,,,:flag_in:
:flag_id:,:top:,,,,,:flag_id:
:flag_ir:,:soon:,,,,,:flag_ir:
:flag_iq:,:ballot_box_with_check:,,,,,:flag_iq:
:flag_ie:,:radio_button:,,,,,:flag_ie:
:flag_il:,:white_circle:,,,,,:flag_il:
:flag_jm:,:black_circle:,,,,,:flag_jm:
:flag_jo:,:red_circle:,,,,,:flag_jo:
:flag_kz:,:small_orange_diamond:,,,,,:flag_kz:
:flag_ke:,:small_blue_diamond:,,,,,:flag_ke:
:flag_ki:,:large_orange_diamond:,,,,,:flag_ki:
:flag_xk:,:large_blue_diamond:,,,,,:flag_xk:
:flag_kw:,:small_red_triangle:,,,,,:flag_kw:
:flag_kg:,:black_small_square:,,,,,:flag_kg:
:flag_la:,:white_small_square:,,,,,:flag_la:
:flag_lv:,:black_large_square:,,,,,:flag_lv:
:flag_lb:,:white_large_square:,,,,,:flag_lb:
:flag_ls:,:small_red_triangle_down:,,,,,:flag_ls:
:flag_lr:,:black_medium_square:,,,,,:flag_lr:
:flag_ly:,:white_medium_square:,,,,,:flag_ly:
:flag_li:,:black_medium_small_square:,,,,,:flag_li:
:flag_lt:,:white_medium_small_square:,,,,,:flag_lt:
:flag_lu:,:black_square_button:,,,,,:flag_lu:
:flag_mk:,:white_square_button:,,,,,:flag_mk:
:flag_mg:,:speaker:,,,,,:flag_mg:
:flag_mw:,:sound:,,,,,:flag_mw:
:flag_my:,:loud_sound:,,,,,:flag_my:
:flag_mv:,:mute:,,,,,:flag_mv:
:flag_ml:,:mega:,,,,,:flag_ml:
:flag_mt:,:loudspeaker:,,,,,:flag_mt:
:flag_mh:,:bell:,,,,,:flag_mh:
:flag_mr:,:no_bell:,,,,,:flag_mr:
:flag_mu:,:black_joker:,,,,,:flag_mu:
:flag_mx:,:mahjong:,,,,,:flag_mx:
:flag_fm:,:spades:,,,,,:flag_fm:
:flag_md:,:clubs:,,,,,:flag_md:
:flag_mc:,:hearts:,,,,,:flag_mc:
:flag_mn:,:diamonds:,,,,,:flag_mn:
:flag_me:,:flower_playing_cards:,,,,,:flag_me:
:flag_ma:,:thought_balloon:,,,,,:flag_ma:
:flag_mz:,:right_anger_bubble:,,,,,:flag_mz:
:flag_mm:,:speech_balloon:,,,,,:flag_mm:
:flag_na:,:left_speech_bubble:,,,,,:flag_na:
:flag_nr:,:clock1:,,,,,:flag_nr:
:flag_np:,:clock2:,,,,,:flag_np:
:flag_nl:,:clock3:,,,,,:flag_nl:
:flag_nz:,:clock4:,,,,,:flag_nz:
:flag_ni:,:clock5:,,,,,:flag_ni:
:flag_ne:,:clock6:,,,,,:flag_ne:
:flag_ng:,:clock7:,,,,,:flag_ng:
:flag_kp:,:clock8:,,,,,:flag_kp:
:flag_no:,:clock9:,,,,,:flag_no:
:flag_om:,:clock10:,,,,,:flag_om:
:flag_pk:,:clock11:,,,,,:flag_pk:
:flag_pw:,:clock12:,,,,,:flag_pw:
:flag_pa:,:clock130:,,,,,:flag_pa:
:flag_pg:,:clock230:,,,,,:flag_pg:
:flag_py:,:clock330:,,,,,:flag_py:
:flag_pe:,:clock430:,,,,,:flag_pe:
:flag_ph:,:clock530:,,,,,:flag_ph:
:flag_pl:,:clock630:,,,,,:flag_pl:
:flag_pt:,:clock730:,,,,,:flag_pt:
:flag_qa:,:clock830:,,,,,:flag_qa:
:flag_tw:,:clock930:,,,,,:flag_tw:
:flag_cg:,:clock1030:,,,,,:flag_cg:
:flag_ro:,:clock1130:,,,,,:flag_ro:
:flag_rw:,:clock1230:,,,,,:flag_rw:
:flag_kn:,:chile:,,,,,:flag_kn:
:flag_lc:,:cn:,,,,,:flag_lc:
:flag_vc:,:eu:,,,,,:flag_vc:
:flag_ws:,:fr:,,,,,:flag_ws:
:flag_sm:,:de:,,,,,:flag_sm:
:flag_st:,:indonesia:,,,,,:flag_st:
:flag_sa:,:it:,,,,,:flag_sa:
:flag_sn:,:jp:,,,,,:flag_sn:
:flag_rs:,:nigeria:,,,,,:flag_rs:
:flag_sc:,:ru:,,,,,:flag_sc:
:flag_sl:,:kr:,,,,,:flag_sl:
:flag_sg:,:es:,,,,,:flag_sg:
:flag_sk:,:tr:,,,,,:flag_sk:
:flag_si:,:turkmenistan:,,,,,:flag_si:
:flag_sb:,:tuvalu:,,,,,:flag_sb:
:flag_so:,:us:,,,,,:flag_so:
:flag_za:,,,,,,:flag_za:
:flag_lk:,,,,,,:flag_lk:
:flag_sd:,,,,,,:flag_sd:
:flag_sr:,,,,,,:flag_sr:
:flag_sz:,,,,,,:flag_sz:
:flag_se:,,,,,,:flag_se:
:flag_ch:,,,,,,:flag_ch:
:flag_sy:,,,,,,:flag_sy:
:flag_tj:,,,,,,:flag_tj:
:flag_tz:,,,,,,:flag_tz:
:flag_th:,,,,,,:flag_th:
:flag_tg:,,,,,,:flag_tg:
:flag_to:,,,,,,:flag_to:
:flag_tt:,,,,,,:flag_tt:
:flag_tn:,,,,,,:flag_tn:
:flag_tr:,,,,,,:flag_tr:
:flag_tm:,,,,,,:flag_tm:
:flag_tv:,,,,,,:flag_tv:
:flag_ug:,,,,,,:flag_ug:
:flag_ua:,,,,,,:flag_ua:
:flag_ae:,,,,,,:flag_ae:
:flag_uy:,,,,,,:flag_uy:
:flag_uz:,,,,,,:flag_uz:
:flag_vu:,,,,,,:flag_vu:
:flag_va:,,,,,,:flag_va:
:flag_ve:,,,,,,:flag_ve:
:flag_vn:,,,,,,:flag_vn:
:flag_eh:,,,,,,:flag_eh:
:flag_ye:,,,,,,:flag_ye:
:flag_zm:,,,,,,:flag_zm:
:flag_zw:,,,,,,:flag_zw:
:flag_pr:,,,,,,:flag_pr:
:flag_ky:,,,,,,:flag_ky:
:flag_bm:,,,,,,:flag_bm:
:flag_pf:,,,,,,:flag_pf:
:flag_ps:,,,,,,:flag_ps:
:flag_nc:,,,,,,:flag_nc:
:flag_sh:,,,,,,:flag_sh:
:flag_aw:,,,,,,:flag_aw:
:flag_vi:,,,,,,:flag_vi:
:flag_hk:,,,,,,:flag_hk:
:flag_ac:,,,,,,:flag_ac:
:flag_ms:,,,,,,:flag_ms:
:flag_gu:,,,,,,:flag_gu:
:flag_gl:,,,,,,:flag_gl:
:flag_nu:,,,,,,:flag_nu:
:flag_wf:,,,,,,:flag_wf:
:flag_mo:,,,,,,:flag_mo:
:flag_fo:,,,,,,:flag_fo:
:flag_fk:,,,,,,:flag_fk:
:flag_je:,,,,,,:flag_je:
:flag_ai:,,,,,,:flag_ai:
:flag_gi:,,,,,,:flag_gi:
:film_frames:,,,,,,:film_frames:
:tickets:,,,,,,:tickets:
:medal:,,,,,,:medal:
:person_lifting_weights:,,,,,,:person_lifting_weights:
:person_golfing:,,,,,,:person_golfing:
:motorcycle:,,,,,,:motorcycle:
:race_car:,,,,,,:race_car:
:military_medal:,,,,,,:military_medal:
:reminder_ribbon:,,,,,,:reminder_ribbon:
:hot_pepper:,,,,,,:hot_pepper:
:cloud_rain:,,,,,,:cloud_rain:
:cloud_snow:,,,,,,:cloud_snow:
:cloud_lightning:,,,,,,:cloud_lightning:
:cloud_tornado:,,,,,,:cloud_tornado:
:fog:,,,,,,:fog:
:wind_blowing_face:,,,,,,:wind_blowing_face:
:chipmunk:,,,,,,:chipmunk:
:spider:,,,,,,:spider:
:spider_web:,,,,,,:spider_web:
:thermometer:,,,,,,:thermometer:
:microphone2:,,,,,,:microphone2:
:level_slider:,,,,,,:level_slider:
:control_knobs:,,,,,,:control_knobs:
:flag_white:,,,,,,:flag_white:
:flag_black:,,,,,,:flag_black:
:rosette:,,,,,,:rosette:
:label:,,,,,,:label:
:camera_with_flash:,,,,,,:camera_with_flash:
:projector:,,,,,,:projector:
:cross:,,,,,,:cross:
:om_symbol:,,,,,,:om_symbol:
:dove:,,,,,,:dove:
:candle:,,,,,,:candle:
:clock:,,,,,,:clock:
:hole:,,,,,,:hole:
:dark_sunglasses:,,,,,,:dark_sunglasses:
:joystick:,,,,,,:joystick:
:paperclips:,,,,,,:paperclips:
:pen_ballpoint:,,,,,,:pen_ballpoint:
:pen_fountain:,,,,,,:pen_fountain:
:paintbrush:,,,,,,:paintbrush:
:crayon:,,,,,,:crayon:
:desktop:,,,,,,:desktop:
:printer:,,,,,,:printer:
:keyboard:,,,,,,:keyboard:
:trackball:,,,,,,:trackball:
:frame_photo:,,,,,,:frame_photo:
:dividers:,,,,,,:dividers:
:card_box:,,,,,,:card_box:
:file_cabinet:,,,,,,:file_cabinet:
:wastebasket:,,,,,,:wastebasket:
:notepad_spiral:,,,,,,:notepad_spiral:
:calendar_spiral:,,,,,,:calendar_spiral:
:compression:,,,,,,:compression:
:key2:,,,,,,:key2:
:newspaper2:,,,,,,:newspaper2:
:dagger:,,,,,,:dagger:
:speaking_head:,,,,,,:speaking_head:
:speech_left:,,,,,,:speech_left:
:anger_right:,,,,,,:anger_right:
:ballot_box:,,,,,,:ballot_box:
:map:,,,,,,:map:
:sleeping_accommodation:,,,,,,:sleeping_accommodation:
:tools:,,,,,,:tools:
:shield:,,,,,,:shield:
:oil:,,,,,,:oil:
:satellite_orbital:,,,,,,:satellite_orbital:
:fork_knife_plate:,,,,,,:fork_knife_plate:
:eye:,,,,,,:eye:
:man_in_business_suit_levitating:,,,,,,:man_in_business_suit_levitating:
:detective:,,,,,,:detective:
:writing_hand:,,,,,,:writing_hand:
:hand_splayed:,,,,,,:hand_splayed:
:middle_finger:,,,,,,:middle_finger:
:vulcan:,,,,,,:vulcan:
:slight_frown:,,,,,,:slight_frown:
:slight_smile:,,,,,,:slight_smile:
:mountain_snow:,,,,,,:mountain_snow:
:camping:,,,,,,:camping:
:beach:,,,,,,:beach:
:construction_site:,,,,,,:construction_site:
:homes:,,,,,,:homes:
:cityscape:,,,,,,:cityscape:
:house_abandoned:,,,,,,:house_abandoned:
:classical_building:,,,,,,:classical_building:
:desert:,,,,,,:desert:
:island:,,,,,,:island:
:park:,,,,,,:park:
:stadium:,,,,,,:stadium:
:couch:,,,,,,:couch:
:shopping_bags:,,,,,,:shopping_bags:
:bellhop:,,,,,,:bellhop:
:bed:,,,,,,:bed:
:motorway:,,,,,,:motorway:
:railway_track:,,,,,,:railway_track:
:motorboat:,,,,,,:motorboat:
:airplane_small:,,,,,,:airplane_small:
:airplane_departure:,,,,,,:airplane_departure:
:airplane_arriving:,,,,,,:airplane_arriving:
:cruise_ship:,,,,,,:cruise_ship:
:rainbow_flag:,,,,,,:rainbow_flag:
:family_mmb:,,,,,,:family_mmb:
:family_mmbb:,,,,,,:family_mmbb:
:family_mmg:,,,,,,:family_mmg:
:family_mmgb:,,,,,,:family_mmgb:
:family_mmgg:,,,,,,:family_mmgg:
:family_mwbb:,,,,,,:family_mwbb:
:family_mwg:,,,,,,:family_mwg:
:family_mwgb:,,,,,,:family_mwgb:
:family_mwgg:,,,,,,:family_mwgg:
:family_wwb:,,,,,,:family_wwb:
:family_wwbb:,,,,,,:family_wwbb:
:family_wwg:,,,,,,:family_wwg:
:family_wwgb:,,,,,,:family_wwgb:
:family_wwgg:,,,,,,:family_wwgg:
:couple_ww:,,,,,,:couple_ww:
:couple_mm:,,,,,,:couple_mm:
:kiss_ww:,,,,,,:kiss_ww:
:kiss_mm:,,,,,,:kiss_mm:
:asterisk:,,,,,,:asterisk:
:track_next:,,,,,,:track_next:
:track_previous:,,,,,,:track_previous:
:play_pause:,,,,,,:play_pause:
:eye_in_speech_bubble:,,,,,,:eye_in_speech_bubble:
:stopwatch:,,,,,,:stopwatch:
:timer:,,,,,,:timer:
:pause_button:,,,,,,:pause_button:
:stop_button:,,,,,,:stop_button:
:record_button:,,,,,,:record_button:
:umbrella2:,,,,,,:umbrella2:
:snowman2:,,,,,,:snowman2:
:comet:,,,,,,:comet:
:shamrock:,,,,,,:shamrock:
:skull_crossbones:,,,,,,:skull_crossbones:
:radioactive:,,,,,,:radioactive:
:biohazard:,,,,,,:biohazard:
:orthodox_cross:,,,,,,:orthodox_cross:
:star_and_crescent:,,,,,,:star_and_crescent:
:peace:,,,,,,:peace:
:yin_yang:,,,,,,:yin_yang:
:wheel_of_dharma:,,,,,,:wheel_of_dharma:
:frowning2:,,,,,,:frowning2:
:hammer_pick:,,,,,,:hammer_pick:
:crossed_swords:,,,,,,:crossed_swords:
:scales:,,,,,,:scales:
:alembic:,,,,,,:alembic:
:gear:,,,,,,:gear:
:atom:,,,,,,:atom:
:fleur-de-lis:,,,,,,:fleur-de-lis:
:coffin:,,,,,,:coffin:
:urn:,,,,,,:urn:
:thunder_cloud_rain:,,,,,,:thunder_cloud_rain:
:pick:,,,,,,:pick:
:helmet_with_cross:,,,,,,:helmet_with_cross:
:chains:,,,,,,:chains:
:shinto_shrine:,,,,,,:shinto_shrine:
:mountain:,,,,,,:mountain:
:beach_umbrella:,,,,,,:beach_umbrella:
:ferry:,,,,,,:ferry:
:skier:,,,,,,:skier:
:ice_skate:,,,,,,:ice_skate:
:person_bouncing_ball:,,,,,,:person_bouncing_ball:
:star_of_david:,,,,,,:star_of_david:
:heart_exclamation:,,,,,,:heart_exclamation:
:white_sun_small_cloud:,,,,,,:white_sun_small_cloud:
:white_sun_cloud:,,,,,,:white_sun_cloud:
:white_sun_rain_cloud:,,,,,,:white_sun_rain_cloud:
:mouse_three_button:,,,,,,:mouse_three_button:
:upside_down:,,,,,,:upside_down:
:money_mouth:,,,,,,:money_mouth:
:nerd:,,,,,,:nerd:
:hugging:,,,,,,:hugging:
:rolling_eyes:,,,,,,:rolling_eyes:
:thinking:,,,,,,:thinking:
:zipper_mouth:,,,,,,:zipper_mouth:
:thermometer_face:,,,,,,:thermometer_face:
:head_bandage:,,,,,,:head_bandage:
:robot:,,,,,,:robot:
:lion_face:,,,,,,:lion_face:
:unicorn:,,,,,,:unicorn:
:scorpion:,,,,,,:scorpion:
:crab:,,,,,,:crab:
:turkey:,,,,,,:turkey:
:cheese:,,,,,,:cheese:
:hotdog:,,,,,,:hotdog:
:taco:,,,,,,:taco:
:burrito:,,,,,,:burrito:
:popcorn:,,,,,,:popcorn:
:champagne:,,,,,,:champagne:
:bow_and_arrow:,,,,,,:bow_and_arrow:
:amphora:,,,,,,:amphora:
:place_of_worship:,,,,,,:place_of_worship:
:kaaba:,,,,,,:kaaba:
:mosque:,,,,,,:mosque:
:synagogue:,,,,,,:synagogue:
:menorah:,,,,,,:menorah:
:prayer_beads:,,,,,,:prayer_beads:
:cricket_game:,,,,,,:cricket_game:
:volleyball:,,,,,,:volleyball:
:field_hockey:,,,,,,:field_hockey:
:hockey:,,,,,,:hockey:
:ping_pong:,,,,,,:ping_pong:
:badminton:,,,,,,:badminton:
:flag_ax:,,,,,,:flag_ax:
:flag_ta:,,,,,,:flag_ta:
:flag_io:,,,,,,:flag_io:
:flag_bq:,,,,,,:flag_bq:
:flag_cx:,,,,,,:flag_cx:
:flag_cc:,,,,,,:flag_cc:
:flag_gg:,,,,,,:flag_gg:
:flag_im:,,,,,,:flag_im:
:flag_yt:,,,,,,:flag_yt:
:flag_nf:,,,,,,:flag_nf:
:flag_pn:,,,,,,:flag_pn:
:flag_bl:,,,,,,:flag_bl:
:flag_pm:,,,,,,:flag_pm:
:flag_gs:,,,,,,:flag_gs:
:flag_tk:,,,,,,:flag_tk:
:flag_bv:,,,,,,:flag_bv:
:flag_hm:,,,,,,:flag_hm:
:flag_sj:,,,,,,:flag_sj:
:flag_um:,,,,,,:flag_um:
:flag_ic:,,,,,,:flag_ic:
:flag_ea:,,,,,,:flag_ea:
:flag_cp:,,,,,,:flag_cp:
:flag_dg:,,,,,,:flag_dg:
:flag_as:,,,,,,:flag_as:
:flag_aq:,,,,,,:flag_aq:
:flag_vg:,,,,,,:flag_vg:
:flag_ck:,,,,,,:flag_ck:
:flag_cw:,,,,,,:flag_cw:
:flag_eu:,,,,,,:flag_eu:
:flag_gf:,,,,,,:flag_gf:
:flag_tf:,,,,,,:flag_tf:
:flag_gp:,,,,,,:flag_gp:
:flag_mq:,,,,,,:flag_mq:
:flag_mp:,,,,,,:flag_mp:
:flag_re:,,,,,,:flag_re:
:flag_sx:,,,,,,:flag_sx:
:flag_ss:,,,,,,:flag_ss:
:flag_tc:,,,,,,:flag_tc:
:flag_mf:,,,,,,:flag_mf:
:drum:,,,,,,:drum:
:shrimp:,,,,,,:shrimp:
:squid:,,,,,,:squid:
:egg:,,,,,,:egg:
:milk:,,,,,,:milk:
:peanuts:,,,,,,:peanuts:
:kiwi:,,,,,,:kiwi:
:pancakes:,,,,,,:pancakes:
:men_with_bunny_ears_partying:,,,,,,:men_with_bunny_ears_partying:
:women_with_bunny_ears_partying:,,,,,,:women_with_bunny_ears_partying:
:man_golfing:,,,,,,:man_golfing:
:woman_golfing:,,,,,,:woman_golfing:
:men_wrestling:,,,,,,:men_wrestling:
:women_wrestling:,,,,,,:women_wrestling:
:man_juggling:,,,,,,:man_juggling:
:woman_juggling:,,,,,,:woman_juggling:
:man_playing_handball:,,,,,,:man_playing_handball:
:woman_playing_handball:,,,,,,:woman_playing_handball:
:man_playing_water_polo:,,,,,,:man_playing_water_polo:
:woman_playing_water_polo:,,,,,,:woman_playing_water_polo:
:man_cartwheeling:,,,,,,:man_cartwheeling:
:woman_cartwheeling:,,,,,,:woman_cartwheeling:
:man_walking:,,,,,,:man_walking:
:woman_walking:,,,,,,:woman_walking:
:man_mountain_biking:,,,,,,:man_mountain_biking:
:woman_mountain_biking:,,,,,,:woman_mountain_biking:
:man_biking:,,,,,,:man_biking:
:woman_biking:,,,,,,:woman_biking:
:man_rowing_boat:,,,,,,:man_rowing_boat:
:woman_rowing_boat:,,,,,,:woman_rowing_boat:
:man_lifting_weights:,,,,,,:man_lifting_weights:
:woman_lifting_weights:,,,,,,:woman_lifting_weights:
:man_swimming:,,,,,,:man_swimming:
:woman_swimming:,,,,,,:woman_swimming:
:man_surfing:,,,,,,:man_surfing:
:woman_surfing:,,,,,,:woman_surfing:
:man_running:,,,,,,:man_running:
:woman_running:,,,,,,:woman_running:
:man_bouncing_ball:,,,,,,:man_bouncing_ball:
:woman_bouncing_ball:,,,,,,:woman_bouncing_ball:
:man_shrugging:,,,,,,:man_shrugging:
:woman_shrugging:,,,,,,:woman_shrugging:
:man_facepalming:,,,,,,:man_facepalming:
:woman_facepalming:,,,,,,:woman_facepalming:
:man_pouting:,,,,,,:man_pouting:
:woman_pouting:,,,,,,:woman_pouting:
:man_frowning:,,,,,,:man_frowning:
:woman_frowning:,,,,,,:woman_frowning:
:man_raising_hand:,,,,,,:man_raising_hand:
:woman_raising_hand:,,,,,,:woman_raising_hand:
:man_bowing:,,,,,,:man_bowing:
:woman_bowing:,,,,,,:woman_bowing:
:man_gesturing_ok:,,,,,,:man_gesturing_ok:
:woman_gesturing_ok:,,,,,,:woman_gesturing_ok:
:man_gesturing_no:,,,,,,:man_gesturing_no:
:woman_gesturing_no:,,,,,,:woman_gesturing_no:
:man_getting_haircut:,,,,,,:man_getting_haircut:
:woman_getting_haircut:,,,,,,:woman_getting_haircut:
:man_getting_face_massage:,,,,,,:man_getting_face_massage:
:woman_getting_face_massage:,,,,,,:woman_getting_face_massage:
:man_tipping_hand:,,,,,,:man_tipping_hand:
:woman_tipping_hand:,,,,,,:woman_tipping_hand:
:blond-haired_man:,,,,,,:blond-haired_man:
:blond-haired_woman:,,,,,,:blond-haired_woman:
:man_wearing_turban:,,,,,,:man_wearing_turban:
:woman_wearing_turban:,,,,,,:woman_wearing_turban:
:man_guard:,,,,,,:man_guard:
:woman_guard:,,,,,,:woman_guard:
:man_detective:,,,,,,:man_detective:
:woman_detective:,,,,,,:woman_detective:
:man_construction_worker:,,,,,,:man_construction_worker:
:woman_construction_worker:,,,,,,:woman_construction_worker:
:man_police_officer:,,,,,,:man_police_officer:
:woman_police_officer:,,,,,,:woman_police_officer:
:man_technologist:,,,,,,:man_technologist:
:woman_technologist:,,,,,,:woman_technologist:
:man_teacher:,,,,,,:man_teacher:
:woman_teacher:,,,,,,:woman_teacher:
:man_student:,,,,,,:man_student:
:woman_student:,,,,,,:woman_student:
:man_singer:,,,,,,:man_singer:
:woman_singer:,,,,,,:woman_singer:
:man_scientist:,,,,,,:man_scientist:
:woman_scientist:,,,,,,:woman_scientist:
:man_office_worker:,,,,,,:man_office_worker:
:woman_office_worker:,,,,,,:woman_office_worker:
:man_mechanic:,,,,,,:man_mechanic:
:woman_mechanic:,,,,,,:woman_mechanic:
:man_health_worker:,,,,,,:man_health_worker:
:woman_health_worker:,,,,,,:woman_health_worker:
:man_factory_worker:,,,,,,:man_factory_worker:
:woman_factory_worker:,,,,,,:woman_factory_worker:
:man_cook:,,,,,,:man_cook:
:woman_cook:,,,,,,:woman_cook:
:man_farmer:,,,,,,:man_farmer:
:woman_farmer:,,,,,,:woman_farmer:
:family_man_boy:,,,,,,:family_man_boy:
:family_man_boy_boy:,,,,,,:family_man_boy_boy:
:family_man_girl:,,,,,,:family_man_girl:
:family_man_girl_boy:,,,,,,:family_man_girl_boy:
:family_woman_boy:,,,,,,:family_woman_boy:
:family_woman_boy_boy:,,,,,,:family_woman_boy_boy:
:family_woman_girl:,,,,,,:family_woman_girl:
:family_woman_girl_boy:,,,,,,:family_woman_girl_boy:
:family_woman_girl_girl:,,,,,,:family_woman_girl_girl:
:man_judge:,,,,,,:man_judge:
:woman_judge:,,,,,,:woman_judge:
:man_pilot:,,,,,,:man_pilot:
:woman_pilot:,,,,,,:woman_pilot:
:man_artist:,,,,,,:man_artist:
:woman_artist:,,,,,,:woman_artist:
:man_astronaut:,,,,,,:man_astronaut:
:woman_astronaut:,,,,,,:woman_astronaut:
:man_firefighter:,,,,,,:man_firefighter:
:woman_firefighter:,,,,,,:woman_firefighter:
:family_man_girl_girl:,,,,,,:family_man_girl_girl:
:family_man_woman_boy:,,,,,,:family_man_woman_boy:
:couple_with_heart_woman_man:,,,,,,:couple_with_heart_woman_man:
:kiss_woman_man:,,,,,,:kiss_woman_man:
:third_place_medal:,,,,,,:third_place_medal:
:second_place_medal:,,,,,,:second_place_medal:
:first_place_medal:,,,,,,:first_place_medal:
:fencer:,,,,,,:fencer:
:goal_net:,,,,,,:goal_net:
:handball:,,,,,,:handball:
:water_polo:,,,,,,:water_polo:
:karate_uniform:,,,,,,:karate_uniform:
:boxing_gloves:,,,,,,:boxing_gloves:
:wrestlers:,,,,,,:wrestlers:
:juggling:,,,,,,:juggling:
:cartwheel:,,,,,,:cartwheel:
:kayak:,,,,,,:kayak:
:motorbike:,,,,,,:motorbike:
:shopping_trolley:,,,,,,:shopping_trolley:
:stop_sign:,,,,,,:stop_sign:
:cn:,,,,,,:cn:
:de:,,,,,,:de:
:es:,,,,,,:es:
:fr:,,,,,,:fr:
:gb:,,,,,,:gb:
:clinking_glass:,,,,,,:clinking_glass:
:whisky:,,,,,,:whisky:
:it:,,,,,,:it:
:jp:,,,,,,:jp:
:kr:,,,,,,:kr:
:us:,,,,,,:us:
:ru:,,,,,,:ru:
:stuffed_pita:,,,,,,:stuffed_pita:
:paella:,,,,,,:paella:
:green_salad:,,,,,,:green_salad:
:baguette_bread:,,,,,,:baguette_bread:
:city_sunrise:,,,,,,:city_sunrise:
:wilted_flower:,,,,,,:wilted_flower:
:rhinoceros:,,,,,,:rhinoceros:
:fox_face:,,,,,,:fox_face:
:pudding:,,,,,,:pudding:
:hand_with_index_and_middle_finger_crossed:,,,,,,:hand_with_index_and_middle_finger_crossed:
:shaking_hands:,,,,,,:shaking_hands:
:left_fist:,,,,,,:left_fist:
:right_fist:,,,,,,:right_fist:
:back_of_hand:,,,,,,:back_of_hand:
:call_me_hand:,,,,,,:call_me_hand:
:male_dancer:,,,,,,:male_dancer:
:expecting_woman:,,,,,,:expecting_woman:
:face_palm:,,,,,,:face_palm:
:shrug:,,,,,,:shrug:
:mother_christmas:,,,,,,:mother_christmas:
:sneeze:,,,,,,:sneeze:
:liar:,,,,,,:liar:
:drool:,,,,,,:drool:
:rolling_on_the_floor_laughing:,,,,,,:rolling_on_the_floor_laughing:
:sick:,,,,,,:sick:
:clown_face:,,,,,,:clown_face:
:runner:,,,,,,:runner:
:surfer:,,,,,,:surfer:
:swimmer:,,,,,,:swimmer:
:face_with_cowboy_hat:,,,,,,:face_with_cowboy_hat:
:paw_prints:,,,,,,:paw_prints:
:+1:,,,,,,:+1:
:-1:,,,,,,:-1:
:cop:,,,,,,:cop:
:dancers:,,,,,,:dancers:
:person_with_blond_hair:,,,,,,:person_with_blond_hair:
:man_with_gua_pi_mao:,,,,,,:man_with_gua_pi_mao:
:man_with_turban:,,,,,,:man_with_turban:
:grandma:,,,,,,:grandma:
:skeleton:,,,,,,:skeleton:
:information_desk_person:,,,,,,:information_desk_person:
:guardsman:,,,,,,:guardsman:
:massage:,,,,,,:massage:
:haircut:,,,,,,:haircut:
:memo:,,,,,,:memo:
:email:,,,,,,:email:
:shit:,,,,,,:shit:
:flame:,,,,,,:flame:
:satisfied:,,,,,,:satisfied:
:no_good:,,,,,,:no_good:
:ok_woman:,,,,,,:ok_woman:
:bow:,,,,,,:bow:
:raising_hand:,,,,,,:raising_hand:
:person_with_pouting_face:,,,,,,:person_with_pouting_face:
:walking:,,,,,,:walking:
:sign_of_the_horns:,,,,,,:sign_of_the_horns:
:rowboat:,,,,,,:rowboat:
:bicyclist:,,,,,,:bicyclist:
:mountain_bicyclist:,,,,,,:mountain_bicyclist:
:af:,,,,,,:af:
:al:,,,,,,:al:
:dz:,,,,,,:dz:
:ad:,,,,,,:ad:
:ao:,,,,,,:ao:
:ag:,,,,,,:ag:
:ar:,,,,,,:ar:
:am:,,,,,,:am:
:au:,,,,,,:au:
:at:,,,,,,:at:
:az:,,,,,,:az:
:bs:,,,,,,:bs:
:bh:,,,,,,:bh:
:bd:,,,,,,:bd:
:bb:,,,,,,:bb:
:by:,,,,,,:by:
:be:,,,,,,:be:
:bz:,,,,,,:bz:
:bj:,,,,,,:bj:
:bt:,,,,,,:bt:
:bo:,,,,,,:bo:
:ba:,,,,,,:ba:
:bw:,,,,,,:bw:
:br:,,,,,,:br:
:bn:,,,,,,:bn:
:bg:,,,,,,:bg:
:bf:,,,,,,:bf:
:bi:,,,,,,:bi:
:kh:,,,,,,:kh:
:cm:,,,,,,:cm:
:ca:,,,,,,:ca:
:cv:,,,,,,:cv:
:cf:,,,,,,:cf:
:td:,,,,,,:td:
:chile:,,,,,,:chile:
:co:,,,,,,:co:
:km:,,,,,,:km:
:cr:,,,,,,:cr:
:ci:,,,,,,:ci:
:hr:,,,,,,:hr:
:cu:,,,,,,:cu:
:cy:,,,,,,:cy:
:cz:,,,,,,:cz:
:congo:,,,,,,:congo:
:dk:,,,,,,:dk:
:dj:,,,,,,:dj:
:dm:,,,,,,:dm:
:do:,,,,,,:do:
:tl:,,,,,,:tl:
:ec:,,,,,,:ec:
:eg:,,,,,,:eg:
:sv:,,,,,,:sv:
:gq:,,,,,,:gq:
:er:,,,,,,:er:
:ee:,,,,,,:ee:
:et:,,,,,,:et:
:fj:,,,,,,:fj:
:fi:,,,,,,:fi:
:ga:,,,,,,:ga:
:gm:,,,,,,:gm:
:ge:,,,,,,:ge:
:gh:,,,,,,:gh:
:gr:,,,,,,:gr:
:gd:,,,,,,:gd:
:gt:,,,,,,:gt:
:gn:,,,,,,:gn:
:gw:,,,,,,:gw:
:gy:,,,,,,:gy:
:ht:,,,,,,:ht:
:hn:,,,,,,:hn:
:hu:,,,,,,:hu:
:is:,,,,,,:is:
:in:,,,,,,:in:
:indonesia:,,,,,,:indonesia:
:ir:,,,,,,:ir:
:iq:,,,,,,:iq:
:ie:,,,,,,:ie:
:il:,,,,,,:il:
:jm:,,,,,,:jm:
:jo:,,,,,,:jo:
:kz:,,,,,,:kz:
:ke:,,,,,,:ke:
:ki:,,,,,,:ki:
:xk:,,,,,,:xk:
:kw:,,,,,,:kw:
:kg:,,,,,,:kg:
:la:,,,,,,:la:
:lv:,,,,,,:lv:
:lb:,,,,,,:lb:
:ls:,,,,,,:ls:
:lr:,,,,,,:lr:
:ly:,,,,,,:ly:
:li:,,,,,,:li:
:lt:,,,,,,:lt:
:lu:,,,,,,:lu:
:mk:,,,,,,:mk:
:mg:,,,,,,:mg:
:mw:,,,,,,:mw:
:my:,,,,,,:my:
:mv:,,,,,,:mv:
:ml:,,,,,,:ml:
:mt:,,,,,,:mt:
:mh:,,,,,,:mh:
:mr:,,,,,,:mr:
:mu:,,,,,,:mu:
:mx:,,,,,,:mx:
:fm:,,,,,,:fm:
:md:,,,,,,:md:
:mc:,,,,,,:mc:
:mn:,,,,,,:mn:
:me:,,,,,,:me:
:ma:,,,,,,:ma:
:mz:,,,,,,:mz:
:mm:,,,,,,:mm:
:na:,,,,,,:na:
:nr:,,,,,,:nr:
:np:,,,,,,:np:
:nl:,,,,,,:nl:
:nz:,,,,,,:nz:
:ni:,,,,,,:ni:
:ne:,,,,,,:ne:
:nigeria:,,,,,,:nigeria:
:kp:,,,,,,:kp:
:no:,,,,,,:no:
:om:,,,,,,:om:
:pk:,,,,,,:pk:
:pw:,,,,,,:pw:
:pa:,,,,,,:pa:
:pg:,,,,,,:pg:
:py:,,,,,,:py:
:pe:,,,,,,:pe:
:ph:,,,,,,:ph:
:pl:,,,,,,:pl:
:pt:,,,,,,:pt:
:qa:,,,,,,:qa:
:tw:,,,,,,:tw:
:cg:,,,,,,:cg:
:ro:,,,,,,:ro:
:rw:,,,,,,:rw:
:kn:,,,,,,:kn:
:lc:,,,,,,:lc:
:vc:,,,,,,:vc:
:ws:,,,,,,:ws:
:sm:,,,,,,:sm:
:st:,,,,,,:st:
:saudiarabia:,,,,,,:saudiarabia:
:sn:,,,,,,:sn:
:rs:,,,,,,:rs:
:sc:,,,,,,:sc:
:sl:,,,,,,:sl:
:sg:,,,,,,:sg:
:sk:,,,,,,:sk:
:si:,,,,,,:si:
:sb:,,,,,,:sb:
:so:,,,,,,:so:
:za:,,,,,,:za:
:lk:,,,,,,:lk:
:sd:,,,,,,:sd:
:sr:,,,,,,:sr:
:sz:,,,,,,:sz:
:se:,,,,,,:se:
:ch:,,,,,,:ch:
:sy:,,,,,,:sy:
:tj:,,,,,,:tj:
:tz:,,,,,,:tz:
:th:,,,,,,:th:
:tg:,,,,,,:tg:
:to:,,,,,,:to:
:tt:,,,,,,:tt:
:tn:,,,,,,:tn:
:tr:,,,,,,:tr:
:turkmenistan:,,,,,,:turkmenistan:
:tuvalu:,,,,,,:tuvalu:
:ug:,,,,,,:ug:
:ua:,,,,,,:ua:
:ae:,,,,,,:ae:
:uy:,,,,,,:uy:
:uz:,,,,,,:uz:
:vu:,,,,,,:vu:
:va:,,,,,,:va:
:ve:,,,,,,:ve:
:vn:,,,,,,:vn:
:eh:,,,,,,:eh:
:ye:,,,,,,:ye:
:zm:,,,,,,:zm:
:zw:,,,,,,:zw:
:pr:,,,,,,:pr:
:ky:,,,,,,:ky:
:bm:,,,,,,:bm:
:pf:,,,,,,:pf:
:ps:,,,,,,:ps:
:nc:,,,,,,:nc:
:sh:,,,,,,:sh:
:aw:,,,,,,:aw:
:vi:,,,,,,:vi:
:hk:,,,,,,:hk:
:ac:,,,,,,:ac:
:ms:,,,,,,:ms:
:gu:,,,,,,:gu:
:gl:,,,,,,:gl:
:nu:,,,,,,:nu:
:wf:,,,,,,:wf:
:mo:,,,,,,:mo:
:fo:,,,,,,:fo:
:fk:,,,,,,:fk:
:je:,,,,,,:je:
:ai:,,,,,,:ai:
:gi:,,,,,,:gi:
:admission_tickets:,,,,,,:admission_tickets:
:sports_medal:,,,,,,:sports_medal:
:lifter:,,,,,,:lifter:
:golfer:,,,,,,:golfer:
:racing_motorcycle:,,,,,,:racing_motorcycle:
:racing_car:,,,,,,:racing_car:
:cloud_with_rain:,,,,,,:cloud_with_rain:
:cloud_with_snow:,,,,,,:cloud_with_snow:
:cloud_with_lightning:,,,,,,:cloud_with_lightning:
:cloud_with_tornado:,,,,,,:cloud_with_tornado:
:studio_microphone:,,,,,,:studio_microphone:
:waving_white_flag:,,,,,,:waving_white_flag:
:waving_black_flag:,,,,,,:waving_black_flag:
:film_projector:,,,,,,:film_projector:
:latin_cross:,,,,,,:latin_cross:
:dove_of_peace:,,,,,,:dove_of_peace:
:mantlepiece_clock:,,,,,,:mantlepiece_clock:
:linked_paperclips:,,,,,,:linked_paperclips:
:lower_left_ballpoint_pen:,,,,,,:lower_left_ballpoint_pen:
:lower_left_fountain_pen:,,,,,,:lower_left_fountain_pen:
:lower_left_paintbrush:,,,,,,:lower_left_paintbrush:
:lower_left_crayon:,,,,,,:lower_left_crayon:
:desktop_computer:,,,,,,:desktop_computer:
:frame_with_picture:,,,,,,:frame_with_picture:
:card_index_dividers:,,,,,,:card_index_dividers:
:card_file_box:,,,,,,:card_file_box:
:spiral_note_pad:,,,,,,:spiral_note_pad:
:spiral_calendar_pad:,,,,,,:spiral_calendar_pad:
:old_key:,,,,,,:old_key:
:rolled_up_newspaper:,,,,,,:rolled_up_newspaper:
:dagger_knife:,,,,,,:dagger_knife:
:speaking_head_in_silhouette:,,,,,,:speaking_head_in_silhouette:
:left_speech_bubble:,,,,,,:left_speech_bubble:
:right_anger_bubble:,,,,,,:right_anger_bubble:
:ballot_box_with_ballot:,,,,,,:ballot_box_with_ballot:
:world_map:,,,,,,:world_map:
:hammer_and_wrench:,,,,,,:hammer_and_wrench:
:oil_drum:,,,,,,:oil_drum:
:fork_and_knife_with_plate:,,,,,,:fork_and_knife_with_plate:
:spy:,,,,,,:spy:
:raised_hand_with_fingers_splayed:,,,,,,:raised_hand_with_fingers_splayed:
:reversed_hand_with_middle_finger_extended:,,,,,,:reversed_hand_with_middle_finger_extended:
:raised_hand_with_part_between_middle_and_ring_fingers:,,,,,,:raised_hand_with_part_between_middle_and_ring_fingers:
:slightly_frowning_face:,,,,,,:slightly_frowning_face:
:slightly_smiling_face:,,,,,,:slightly_smiling_face:
:snow_capped_mountain:,,,,,,:snow_capped_mountain:
:beach_with_umbrella:,,,,,,:beach_with_umbrella:
:building_construction:,,,,,,:building_construction:
:house_buildings:,,,,,,:house_buildings:
:derelict_house_building:,,,,,,:derelict_house_building:
:desert_island:,,,,,,:desert_island:
:national_park:,,,,,,:national_park:
:couch_and_lamp:,,,,,,:couch_and_lamp:
:bellhop_bell:,,,,,,:bellhop_bell:
:railroad_track:,,,,,,:railroad_track:
:small_airplane:,,,,,,:small_airplane:
:passenger_ship:,,,,,,:passenger_ship:
:gay_pride_flag:,,,,,,:gay_pride_flag:
:couple_with_heart_ww:,,,,,,:couple_with_heart_ww:
:couple_with_heart_mm:,,,,,,:couple_with_heart_mm:
:couplekiss_ww:,,,,,,:couplekiss_ww:
:couplekiss_mm:,,,,,,:couplekiss_mm:
:keycap_asterisk:,,,,,,:keycap_asterisk:
:next_track:,,,,,,:next_track:
:previous_track:,,,,,,:previous_track:
:timer_clock:,,,,,,:timer_clock:
:double_vertical_bar:,,,,,,:double_vertical_bar:
:skull_and_crossbones:,,,,,,:skull_and_crossbones:
:radioactive_sign:,,,,,,:radioactive_sign:
:biohazard_sign:,,,,,,:biohazard_sign:
:peace_symbol:,,,,,,:peace_symbol:
:white_frowning_face:,,,,,,:white_frowning_face:
:hammer_and_pick:,,,,,,:hammer_and_pick:
:atom_symbol:,,,,,,:atom_symbol:
:funeral_urn:,,,,,,:funeral_urn:
:thunder_cloud_and_rain:,,,,,,:thunder_cloud_and_rain:
:helmet_with_white_cross:,,,,,,:helmet_with_white_cross:
:umbrella_on_ground:,,,,,,:umbrella_on_ground:
:basketball_player:,,,,,,:basketball_player:
:heavy_heart_exclamation_mark_ornament:,,,,,,:heavy_heart_exclamation_mark_ornament:
:white_sun_with_small_cloud:,,,,,,:white_sun_with_small_cloud:
:white_sun_behind_cloud:,,,,,,:white_sun_behind_cloud:
:white_sun_behind_cloud_with_rain:,,,,,,:white_sun_behind_cloud_with_rain:
:three_button_mouse:,,,,,,:three_button_mouse:
:upside_down_face:,,,,,,:upside_down_face:
:money_mouth_face:,,,,,,:money_mouth_face:
:nerd_face:,,,,,,:nerd_face:
:hugging_face:,,,,,,:hugging_face:
:face_with_rolling_eyes:,,,,,,:face_with_rolling_eyes:
:thinking_face:,,,,,,:thinking_face:
:zipper_mouth_face:,,,,,,:zipper_mouth_face:
:face_with_thermometer:,,,,,,:face_with_thermometer:
:face_with_head_bandage:,,,,,,:face_with_head_bandage:
:robot_face:,,,,,,:robot_face:
:lion:,,,,,,:lion:
:unicorn_face:,,,,,,:unicorn_face:
:cheese_wedge:,,,,,,:cheese_wedge:
:hot_dog:,,,,,,:hot_dog:
:bottle_with_popping_cork:,,,,,,:bottle_with_popping_cork:
:archery:,,,,,,:archery:
:worship_symbol:,,,,,,:worship_symbol:
:cricket_bat_ball:,,,,,,:cricket_bat_ball:
:table_tennis:,,,,,,:table_tennis:
:ax:,,,,,,:ax:
:ta:,,,,,,:ta:
:io:,,,,,,:io:
:bq:,,,,,,:bq:
:cx:,,,,,,:cx:
:cc:,,,,,,:cc:
:gg:,,,,,,:gg:
:im:,,,,,,:im:
:yt:,,,,,,:yt:
:nf:,,,,,,:nf:
:pn:,,,,,,:pn:
:bl:,,,,,,:bl:
:pm:,,,,,,:pm:
:gs:,,,,,,:gs:
:tk:,,,,,,:tk:
:bv:,,,,,,:bv:
:hm:,,,,,,:hm:
:sj:,,,,,,:sj:
:um:,,,,,,:um:
:ic:,,,,,,:ic:
:ea:,,,,,,:ea:
:cp:,,,,,,:cp:
:dg:,,,,,,:dg:
:as:,,,,,,:as:
:aq:,,,,,,:aq:
:vg:,,,,,,:vg:
:ck:,,,,,,:ck:
:cw:,,,,,,:cw:
:eu:,,,,,,:eu:
:gf:,,,,,,:gf:
:tf:,,,,,,:tf:
:gp:,,,,,,:gp:
:mq:,,,,,,:mq:
:mp:,,,,,,:mp:
:re:,,,,,,:re:
:sx:,,,,,,:sx:
:ss:,,,,,,:ss:
:tc:,,,,,,:tc:
:mf:,,,,,,:mf:
:drum_with_drumsticks:,,,,,,:drum_with_drumsticks:
:glass_of_milk:,,,,,,:glass_of_milk:
:shelled_peanut:,,,,,,:shelled_peanut:
:kiwifruit:,,,,,,:kiwifruit:
:fencing:,,,,,,:fencing:
:wrestling:,,,,,,:wrestling:
:juggler:,,,,,,:juggler:
:flan:,,,,,,:flan:
:facepalm:,,,,,,:facepalm:
:thumbup:,,,,,,:thumbup:
:thumbdown:,,,,,,:thumbdown:
:hankey:,,,,,,:hankey:
:saudi:,,,,,,:saudi:
:weight_lifter:,,,,,,:weight_lifter:
:sleuth_or_spy:,,,,,,:sleuth_or_spy:
:person_with_ball:,,,,,,:person_with_ball:
:poo:,,,,,,:poo:
,,,,,,:hmm:
,,,,,,:like:
,,,,,,:dislike: